Timezones are UTC,https://www.CryptoDataDownload.com,,,,,,,
Unix Timestamp,Date,Symbol,Open,High,Low,Close,Volume MON,Volume AJPY
1602460800,10/12/2020,MONAJPY,131.4,131.5,129,129,7948,1036830.8
1602374400,10/11/2020,MONAJPY,131.6,132.1,129,131.4,53021,6928641.8
1602288000,10/10/2020,MONAJPY,131.9,133.9,130.6,131.6,28727,3807237.3
1602201600,10/9/2020,MONAJPY,129.6,132.9,129.2,131.9,53886,7076587.4
1602115200,10/8/2020,MONAJPY,129.2,130.9,127.3,129.6,26435,3420260.7
1602028800,10/7/2020,MONAJPY,129.2,129.4,127,129.2,29460,3765135.6
1601942400,10/6/2020,MONAJPY,133.1,133.1,128,129.2,48235,6277078
1601856000,10/5/2020,MONAJPY,132.9,133.9,130.6,133.1,75827,10023873.3
1601769600,10/4/2020,MONAJPY,127.7,133.7,127.5,132.9,94333,12346057.1
1601683200,10/3/2020,MONAJPY,125,129.8,124.6,127.7,76123,9702509.1
1601596800,10/2/2020,MONAJPY,127.4,128.7,123.8,125,32340,4051752.2
1601510400,10/1/2020,MONAJPY,129.2,131,126,127.4,39607,5097738.2
1601424000,9/30/2020,MONAJPY,131,131.4,127.8,129.2,18963,2442592.7
1601337600,9/29/2020,MONAJPY,134.1,134.1,128.9,131,22272,2913271.1
1601251200,9/28/2020,MONAJPY,133,134.5,131.1,134.1,24530,3257384.8
1601164800,9/27/2020,MONAJPY,131,135,128.9,133,81728,10856946
1601078400,9/26/2020,MONAJPY,126.2,133.7,126.1,131,99851,13104362.7
1600992000,9/25/2020,MONAJPY,126.6,129.8,124,126.2,92857,11776531.5
1600905600,9/24/2020,MONAJPY,123.7,127.3,123,126.6,94131,11761972.3
1600819200,9/23/2020,MONAJPY,132,132.4,123.5,123.7,101339,13001852.5
1600732800,9/22/2020,MONAJPY,129.5,132,128.7,132,63526,8260098.8
1600646400,9/21/2020,MONAJPY,135.2,146.2,127,129.5,279750,37961030.2
1600560000,9/20/2020,MONAJPY,133.7,142,132.3,135.2,106321,14410839.6
1600473600,9/19/2020,MONAJPY,135.6,135.7,131.7,133.7,30930,4138758.2
1600387200,9/18/2020,MONAJPY,131.1,136.5,130,135.6,94857,12627881.9
1600300800,9/17/2020,MONAJPY,138,139.3,127.1,131.1,135453,17990158.5
1600214400,9/16/2020,MONAJPY,142.1,142.1,135.9,138,121160,16700109.4
1600128000,9/15/2020,MONAJPY,143.7,146.8,141.7,142.1,78024,11227026.4
1600041600,9/14/2020,MONAJPY,143.1,145.1,141.5,143.7,75097,10775609
1599955200,9/13/2020,MONAJPY,148.2,148.4,138,143.1,122390,17686868.1
1599868800,9/12/2020,MONAJPY,142.1,152.6,141.2,148.2,224731,33042384.1
1599782400,9/11/2020,MONAJPY,147.5,147.5,135.6,142.1,186676,26218064.7
1599696000,9/10/2020,MONAJPY,148.3,149.6,144.1,147.5,100577,14790954.8
1599609600,9/9/2020,MONAJPY,154.7,154.9,141.4,148.3,351016,51537622.3
1599523200,9/8/2020,MONAJPY,165.9,167.5,153,154.7,206175,32959147.5
1599436800,9/7/2020,MONAJPY,165,169.5,156,165.9,225477,36837495.3
1599350400,9/6/2020,MONAJPY,156.8,167,153,165,178812,28561577.7
1599264000,9/5/2020,MONAJPY,169.4,170.5,155.1,156.8,254888,41169497.7
1599177600,9/4/2020,MONAJPY,156.5,178,154.3,169.4,419958,70376445.8
1599091200,9/3/2020,MONAJPY,177,178.3,153,156.5,428113,71008155.1
1599004800,9/2/2020,MONAJPY,181.4,196.4,173,177,494084,91725596.5
1598918400,9/1/2020,MONAJPY,181.2,184.1,179,181.4,202841,36749076.1
1598832000,8/31/2020,MONAJPY,181.8,184.2,181,181.2,117535,21448482
1598745600,8/30/2020,MONAJPY,184.1,186,180,181.8,214878,39317361.4
1598659200,8/29/2020,MONAJPY,184,187.3,181.8,184.1,211782,39098277.6
1598572800,8/28/2020,MONAJPY,184.4,188,182,184,149914,27605315
1598486400,8/27/2020,MONAJPY,195.8,195.8,177,184.4,289425,53343849
1598400000,8/26/2020,MONAJPY,200.9,201.7,191.7,195.8,142378,27865697
1598313600,8/25/2020,MONAJPY,202.6,203.5,197.2,200.9,155707,31247121.3
1598227200,8/24/2020,MONAJPY,200,203.3,198.5,202.6,151836,30543322.7
1598140800,8/23/2020,MONAJPY,201.9,202.2,197.6,200,134413,26809555.1
1598054400,8/22/2020,MONAJPY,200,202.2,197,201.9,91808,18318578.8
1597968000,8/21/2020,MONAJPY,202,206.3,199,200,144065,29257211.4
1597881600,8/20/2020,MONAJPY,202.4,202.9,199.3,202,28955,5828841
1597795200,8/19/2020,MONAJPY,203,204.5,200,202.4,84825,17133473.2
1597708800,8/18/2020,MONAJPY,208,209.1,201.2,203,174340,35905900.2
1597622400,8/17/2020,MONAJPY,204.2,210,203,208,165366,34202852.9
1597536000,8/16/2020,MONAJPY,204.5,206.9,200.1,204.2,72466,14820653.3
1597449600,8/15/2020,MONAJPY,206.7,208.7,203,204.5,78021,16077596.3
1597363200,8/14/2020,MONAJPY,202.8,206.9,199.1,206.7,132508,26910802.9
1597276800,8/13/2020,MONAJPY,199.4,202.8,196,202.8,68593,13687629.8
1597190400,8/12/2020,MONAJPY,199.1,201.9,196.1,199.4,81363,16164508.5
1597104000,8/11/2020,MONAJPY,206,206.5,198,199.1,79450,16131142.8
1597017600,8/10/2020,MONAJPY,203.4,208.7,202.5,206,97165,20026072.1
1596931200,8/9/2020,MONAJPY,203.5,209.3,201.9,203.4,107157,22104310.9
1596844800,8/8/2020,MONAJPY,204,205.9,201,203.5,62092,12652049.9
1596758400,8/7/2020,MONAJPY,206.6,210.8,200,204,186196,38541953.9
1596672000,8/6/2020,MONAJPY,210,210.9,205.3,206.6,103881,21602203.2
1596585600,8/5/2020,MONAJPY,198.5,214,195,210,208091,42445105.6
1596499200,8/4/2020,MONAJPY,204.1,207.4,196.2,198.5,132961,26867166.9
1596412800,8/3/2020,MONAJPY,202.4,208,199,204.1,204724,41606174.3
1596326400,8/2/2020,MONAJPY,223.3,227.9,193.2,202.4,327994,69245389.4
1596240000,8/1/2020,MONAJPY,214.5,225.4,212.1,223.3,201043,43761701.6
1596153600,7/31/2020,MONAJPY,211.8,216,208.5,214.5,64452,13659768.1
1596067200,7/30/2020,MONAJPY,214.6,216.2,208,211.8,121812,25780146.7
1595980800,7/29/2020,MONAJPY,209,217.5,206.8,214.6,76706,16183618.1
1595894400,7/28/2020,MONAJPY,207.2,212.1,203,209,138444,28895762.3
1595808000,7/27/2020,MONAJPY,194.6,209.9,192.2,207.2,250467,50154063.7
1595721600,7/26/2020,MONAJPY,194.2,199.3,192,194.6,150094,29295004.9
1595635200,7/25/2020,MONAJPY,189.7,195.5,189.6,194.2,53587,10347541.7
1595548800,7/24/2020,MONAJPY,192.6,192.6,188.6,189.7,74403,14156741.2
1595462400,7/23/2020,MONAJPY,188.5,193.7,186,192.6,100911,19084309.3
1595376000,7/22/2020,MONAJPY,184.3,188.5,184.1,188.5,60359,11202570
1595289600,7/21/2020,MONAJPY,182.5,186.6,181.3,184.3,61479,11344073.8
1595203200,7/20/2020,MONAJPY,184,184.4,181.8,182.5,30226,5533705.2
1595116800,7/19/2020,MONAJPY,182.4,184,181.1,184,55019,10072704.3
1595030400,7/18/2020,MONAJPY,184.5,184.7,182,182.4,33087,6049455.9
1594944000,7/17/2020,MONAJPY,179.9,187.4,178.2,184.5,126886,23068482.4
1594857600,7/16/2020,MONAJPY,180,180,176.3,179.9,72273,12911496.4
1594771200,7/15/2020,MONAJPY,181.4,182,179,180,36716,6597778.8
1594684800,7/14/2020,MONAJPY,180.3,181.5,178.8,181.4,28375,5098310.2
1594598400,7/13/2020,MONAJPY,182.2,183.9,180,180.3,14250,2595268.4
1594512000,7/12/2020,MONAJPY,180.7,182.9,180.1,182.2,34942,6332636.8
1594425600,7/11/2020,MONAJPY,182,182,177.8,180.7,23235,4185053.1
1594339200,7/10/2020,MONAJPY,183.1,183.4,175.8,182,42587,7674273
1594252800,7/9/2020,MONAJPY,187.5,190,181.6,183.1,70242,13098170.1
1594166400,7/8/2020,MONAJPY,181.4,189.3,179.2,187.5,65516,12069445.7
1594080000,7/7/2020,MONAJPY,184.8,184.9,180.2,181.4,24206,4388580.9
1593993600,7/6/2020,MONAJPY,173.8,184.8,172.1,184.8,62007,11044710.9
1593907200,7/5/2020,MONAJPY,177.9,177.9,171,173.8,26693,4623268.6
1593820800,7/4/2020,MONAJPY,177,178.7,175.8,177.9,18112,3216188.6
1593734400,7/3/2020,MONAJPY,176.1,179.9,175.2,177,17808,3151139.3
1593648000,7/2/2020,MONAJPY,180.9,181.9,176.1,176.1,62118,11099080.6
1593561600,7/1/2020,MONAJPY,180.9,182,178,180.9,27286,4916603.7
1593475200,6/30/2020,MONAJPY,181,182.8,178.4,180.9,35506,6419514.1
1593388800,6/29/2020,MONAJPY,180,183,177,181,37031,6699518.7
1593302400,6/28/2020,MONAJPY,177.1,182.4,175,180,49423,8789503.5
1593216000,6/27/2020,MONAJPY,181.3,183.6,177,177.1,45135,8077629.3
1593129600,6/26/2020,MONAJPY,187.2,187.4,180,181.3,64466,11767111.5
1593043200,6/25/2020,MONAJPY,189.5,190,185,187.2,47306,8843503.3
1592956800,6/24/2020,MONAJPY,192.4,194.2,188,189.5,76195,14553037.9
1592870400,6/23/2020,MONAJPY,194.6,197,190.7,192.4,42278,8154984.1
1592784000,6/22/2020,MONAJPY,184.8,196,184.8,194.6,60070,11477693.4
1592697600,6/21/2020,MONAJPY,183.5,187.9,183.5,184.8,56334,10464326.1
1592611200,6/20/2020,MONAJPY,181,184.9,181,183.5,29678,5442192.8
1592524800,6/19/2020,MONAJPY,186.5,186.5,180.2,181,69595,12741020.1
1592438400,6/18/2020,MONAJPY,180.8,186.5,178.5,186.5,59170,10747032.7
1592352000,6/17/2020,MONAJPY,183.1,184.1,180,180.8,48990,8895885.1
1592265600,6/16/2020,MONAJPY,184,185.4,180.4,183.1,52825,9671616.5
1592179200,6/15/2020,MONAJPY,185,186,174.5,184,104754,18890411.7
1592092800,6/14/2020,MONAJPY,190.5,190.5,184.5,185,48994,9158423.7
1592006400,6/13/2020,MONAJPY,191.5,192.1,188.3,190.5,30991,5899222.7
1591920000,6/12/2020,MONAJPY,185.5,195.2,184,191.5,61435,11721711.8
1591833600,6/11/2020,MONAJPY,198.6,202.1,180,185.5,148985,28518284.6
1591747200,6/10/2020,MONAJPY,198.5,200.5,198,198.6,29372,5843349.5
1591660800,6/9/2020,MONAJPY,199.4,200.9,197.2,198.5,49644,9863500.7
1591574400,6/8/2020,MONAJPY,200.8,201.8,198,199.4,25175,5038118.8
1591488000,6/7/2020,MONAJPY,201.3,202.2,196.7,200.8,73840,14753364.3
1591401600,6/6/2020,MONAJPY,201.3,202.5,198.3,201.3,40314,8083876.6
1591315200,6/5/2020,MONAJPY,206,206.5,198.2,201.3,109995,22275594
1591228800,6/4/2020,MONAJPY,195.4,208,191.6,206,220312,43809029.7
1591142400,6/3/2020,MONAJPY,187.9,195.4,185.5,195.4,86233,16393023.8
1591056000,6/2/2020,MONAJPY,185.5,191,182.2,187.9,143675,26887443.3
1590969600,6/1/2020,MONAJPY,177.5,188.7,176.9,185.5,62237,11312567.9
1590883200,5/31/2020,MONAJPY,181.5,184.4,175.2,177.5,130548,23449917.8
1590796800,5/30/2020,MONAJPY,180.9,182,177.2,181.5,96306,17318953.3
1590710400,5/29/2020,MONAJPY,184,184.2,176.1,180.9,73410,13247877.7
1590624000,5/28/2020,MONAJPY,172.3,184.9,172.3,184,220452,39941207.4
1590537600,5/27/2020,MONAJPY,172.2,175,171.6,172.3,55375,9598728.6
1590451200,5/26/2020,MONAJPY,175.9,176.2,169.8,172.2,60120,10412010.3
1590364800,5/25/2020,MONAJPY,168,175.9,167.9,175.9,56705,9666520.8
1590278400,5/24/2020,MONAJPY,175,178.7,168,168,104846,18169482.8
1590192000,5/23/2020,MONAJPY,176.6,180.9,173.6,175,66369,11759306.9
1590105600,5/22/2020,MONAJPY,170.9,178.3,166,176.6,107084,18504573.8
1590019200,5/21/2020,MONAJPY,180.2,181.5,165,170.9,158158,27139928.7
1589932800,5/20/2020,MONAJPY,179.5,183.9,176.4,180.2,143691,25876066.3
1589846400,5/19/2020,MONAJPY,173,184.9,172.1,179.5,346839,62266395.6
1589760000,5/18/2020,MONAJPY,157.4,175,156,173,224414,36568801.4
1589673600,5/17/2020,MONAJPY,148.5,159.8,148,157.4,149050,23128853.2
1589587200,5/16/2020,MONAJPY,147,150.7,145.9,148.5,62441,9294836
1589500800,5/15/2020,MONAJPY,152,152,143.8,147,49025,7293916.6
1589414400,5/14/2020,MONAJPY,151.4,154.3,148.3,152,88210,13374158.1
1589328000,5/13/2020,MONAJPY,144.9,155,140,151.4,507837,76066448
1589241600,5/12/2020,MONAJPY,137.5,148.9,137,144.9,331328,47656727.7
1589155200,5/11/2020,MONAJPY,135.9,139,132,137.5,64545,8809032.9
1589068800,5/10/2020,MONAJPY,148,148,134.1,135.9,170770,23658191.5
1588982400,5/9/2020,MONAJPY,148.1,153.5,147.4,148,109091,16377197.7
1588896000,5/8/2020,MONAJPY,148.8,150,144.9,148.1,71227,10479552.5
1588809600,5/7/2020,MONAJPY,143.1,150,142,148.8,72777,10566366.7
1588723200,5/6/2020,MONAJPY,144.2,148.1,143,143.1,37381,5449908.6
1588636800,5/5/2020,MONAJPY,146.4,148,143.1,144.2,37497,5481306
1588550400,5/4/2020,MONAJPY,149.7,149.7,139.7,146.4,105798,15152907.3
1588464000,5/3/2020,MONAJPY,153,156,146.1,149.7,70717,10715087.9
1588377600,5/2/2020,MONAJPY,150.1,153.7,148,153,81688,12353462
1588291200,5/1/2020,MONAJPY,147,155.2,145.5,150.1,219305,33073586.1
1588204800,4/30/2020,MONAJPY,140.4,161,140.1,147,359564,54824099.3
1588118400,4/29/2020,MONAJPY,136.1,143,133.6,140.4,160113,21969092.4
1588032000,4/28/2020,MONAJPY,129.8,137.8,129.2,136.1,71488,9499498.1
1587945600,4/27/2020,MONAJPY,130.2,131.6,129,129.8,66990,8739797
1587859200,4/26/2020,MONAJPY,128.4,131.5,128.4,130.2,47603,6171579.6
1587772800,4/25/2020,MONAJPY,128,131.6,127.8,128.4,57296,7428836.1
1587686400,4/24/2020,MONAJPY,128.1,130.1,127.3,128,57976,7464901.3
1587600000,4/23/2020,MONAJPY,128,130.4,125.1,128.1,73572,9454901.3
1587513600,4/22/2020,MONAJPY,124.5,128,123.7,128,36946,4634199
1587427200,4/21/2020,MONAJPY,126,126,122.1,124.5,25930,3208315
1587340800,4/20/2020,MONAJPY,128.4,129,126,126,27905,3546582.8
1587254400,4/19/2020,MONAJPY,130,130.5,127.2,128.4,34008,4382804.9
1587168000,4/18/2020,MONAJPY,128,130.5,127.6,130,27290,3524113.4
1587081600,4/17/2020,MONAJPY,129,129.6,127,128,38912,4994811.9
1586995200,4/16/2020,MONAJPY,123.7,132,122.2,129,89573,11453056.5
1586908800,4/15/2020,MONAJPY,128.5,129.8,122.6,123.7,17907,2258469.9
1586822400,4/14/2020,MONAJPY,130,130.4,128.4,128.5,29033,3753044.8
1586736000,4/13/2020,MONAJPY,134,134,127.1,130,67870,8820018
1586649600,4/12/2020,MONAJPY,132,136.4,129.8,134,61277,8204323.1
1586563200,4/11/2020,MONAJPY,134.2,135,130.1,132,46441,6160372.9
1586476800,4/10/2020,MONAJPY,138.9,138.9,129.1,134.2,90015,12045413.9
1586390400,4/9/2020,MONAJPY,140.5,140.5,136.5,138.9,67805,9408869.1
1586304000,4/8/2020,MONAJPY,135.9,141.3,133.5,140.5,68960,9515025.4
1586217600,4/7/2020,MONAJPY,138.4,141.7,134,135.9,167672,23095044.7
1586131200,4/6/2020,MONAJPY,128,138.5,128,138.4,136800,18223386.8
1586044800,4/5/2020,MONAJPY,130.2,131.2,127.6,128,37847,4902055.5
1585958400,4/4/2020,MONAJPY,131.9,132.2,129,130.2,18258,2375868.4
1585872000,4/3/2020,MONAJPY,131,133.3,128,131.9,95778,12541564.4
1585785600,4/2/2020,MONAJPY,128.2,133.8,126.1,131,103804,13500690.1
1585699200,4/1/2020,MONAJPY,128.3,129.7,123.7,128.2,69950,8787157.9
1585612800,3/31/2020,MONAJPY,127.6,132,125.7,128.3,50812,6577798.2
1585526400,3/30/2020,MONAJPY,120.7,130,118.1,127.6,86768,10853722.4
1585440000,3/29/2020,MONAJPY,130,131,120.1,120.7,76544,9633109.4
1585353600,3/28/2020,MONAJPY,134.1,134.4,126,130,86313,11269741.8
1585267200,3/27/2020,MONAJPY,139.7,141.5,134.1,134.1,64700,8926851.2
1585180800,3/26/2020,MONAJPY,139.4,139.7,133,139.7,67617,9214776.3
1585094400,3/25/2020,MONAJPY,142,145,136.1,139.4,88972,12407978.8
1585008000,3/24/2020,MONAJPY,140,142.2,137,142,90570,12691657.4
1584921600,3/23/2020,MONAJPY,128.4,140,126,140,176517,23496603.3
1584835200,3/22/2020,MONAJPY,137,143.3,128,128.4,122771,16766790.5
1584748800,3/21/2020,MONAJPY,140.5,141.7,132,137,83460,11494125.3
1584662400,3/20/2020,MONAJPY,137,147.5,130.3,140.5,281610,39230590
1584576000,3/19/2020,MONAJPY,117.3,144.7,115,137,339235,43486413.6
1584489600,3/18/2020,MONAJPY,115.3,120,112.1,117.3,121182,14021290.9
1584403200,3/17/2020,MONAJPY,106.2,117,106.2,115.3,144851,16319599.8
1584316800,3/16/2020,MONAJPY,119,119,105,106.2,190805,21050491.8
1584230400,3/15/2020,MONAJPY,113,124.5,111.5,119,139463,16331916.2
1584144000,3/14/2020,MONAJPY,125.3,129.4,110,113,152671,18140102.4
1584057600,3/13/2020,MONAJPY,103.5,132,92.3,125.3,525461,60706790.2
1583971200,3/12/2020,MONAJPY,154.8,155.8,103.1,103.5,449132,58341503.2
1583884800,3/11/2020,MONAJPY,156.4,159.1,148.1,154.8,155253,23854054.6
1583798400,3/10/2020,MONAJPY,146.4,164.9,141.1,156.4,341254,52707478.1
1583712000,3/9/2020,MONAJPY,149,156.5,129,146.4,334814,47256117.4
1583625600,3/8/2020,MONAJPY,182,182,146,149,214959,35073830.6
1583539200,3/7/2020,MONAJPY,192.7,193.8,180.3,182,104767,19782270.7
1583452800,3/6/2020,MONAJPY,197.1,200.9,188.1,192.7,159677,30869725.3
1583366400,3/5/2020,MONAJPY,209.5,212.4,196.2,197.1,162082,33234804.7
1583280000,3/4/2020,MONAJPY,193,210,191.1,209.5,245491,49599250.8
1583193600,3/3/2020,MONAJPY,196.3,196.5,186.9,193,160395,30715465.9
1583107200,3/2/2020,MONAJPY,178.3,199.8,177.1,196.3,186482,35056785.8
1583020800,3/1/2020,MONAJPY,177.5,183.5,173.6,178.3,78814,14150201.9
1582934400,2/29/2020,MONAJPY,176.8,187.4,175,177.5,146565,26389077.1
1582848000,2/28/2020,MONAJPY,182.7,184.8,166,176.8,221174,38602796.2
1582761600,2/27/2020,MONAJPY,176,197.4,167.7,182.7,298914,55346832.3
1582675200,2/26/2020,MONAJPY,183,186.5,164,176,273547,47261376.5
1582588800,2/25/2020,MONAJPY,214.4,214.4,181,183,291246,57190863.4
1582502400,2/24/2020,MONAJPY,231.2,231.3,208.6,214.4,204796,44692011.5
1582416000,2/23/2020,MONAJPY,225,235.8,222.6,231.2,231597,53206375.9
1582329600,2/22/2020,MONAJPY,213.5,229,210.7,225,113326,24685798.1
1582243200,2/21/2020,MONAJPY,210.6,220,210.1,213.5,125826,27154966.5
1582156800,2/20/2020,MONAJPY,202,225,200.2,210.6,345751,73767585.8
1582070400,2/19/2020,MONAJPY,297.8,299,197.8,202,1091005,255938002.6
1581984000,2/18/2020,MONAJPY,263.9,300,258.8,297.8,463908,130488119.3
1581897600,2/17/2020,MONAJPY,253.5,264.9,245.1,263.9,150584,37907696.5
1581811200,2/16/2020,MONAJPY,244.9,256.5,241,253.5,145296,36439971.7
1581724800,2/15/2020,MONAJPY,258,260.1,243.1,244.9,202702,51349623.8
1581638400,2/14/2020,MONAJPY,247.5,260.5,241.2,258,172441,43315958.4
1581552000,2/13/2020,MONAJPY,257.6,265.1,239,247.5,285975,71397124
1581465600,2/12/2020,MONAJPY,202.1,270,202.1,257.6,349714,88300760.9
1581379200,2/11/2020,MONAJPY,202,202,202,202,0,0
1581292800,2/10/2020,MONAJPY,206,216,202,202,111872,23278913.4
1581206400,2/9/2020,MONAJPY,192.1,208.8,192.1,206,214280,42957003.2
1581120000,2/8/2020,MONAJPY,198,198,185.2,192.1,101586,19415665.6
1581033600,2/7/2020,MONAJPY,193,202,190.2,198,135475,26688946.6
1580947200,2/6/2020,MONAJPY,190,208,188.2,193,255142,50325626.4
1580860800,2/5/2020,MONAJPY,183.1,197.6,180.4,190,259239,49156626.3
1580774400,2/4/2020,MONAJPY,190.6,193.3,172,183.1,194318,35018615
1580688000,2/3/2020,MONAJPY,202,210,185,190.6,261608,51576290.4
1580601600,2/2/2020,MONAJPY,195,216,193,202,543804,111730406.3
1580515200,2/1/2020,MONAJPY,173,202.7,161.2,195,185399,33813368.2
1580428800,1/31/2020,MONAJPY,153.9,192.1,152.1,173,538943,94142816.9
1580342400,1/30/2020,MONAJPY,140,155.7,137,153.9,149875,22016198.2
1580256000,1/29/2020,MONAJPY,132.4,148,131.2,140,137732,19500540.7
1580169600,1/28/2020,MONAJPY,130,132.6,128.3,132.4,27782,3630937.6
1580083200,1/27/2020,MONAJPY,130,132.5,127.9,130,48413,6312526.8
1579996800,1/26/2020,MONAJPY,124.6,130,123.8,130,23460,2983210.6
1579910400,1/25/2020,MONAJPY,124.8,125.1,120.7,124.6,21436,2658463.4
1579824000,1/24/2020,MONAJPY,125.1,128,122,124.8,35914,4501972.3
1579737600,1/23/2020,MONAJPY,133,134.5,123.3,125.1,72873,9289740.5
1579651200,1/22/2020,MONAJPY,128,140,127,133,109014,14569679.7
1579564800,1/21/2020,MONAJPY,126.7,131.2,124.3,128,61953,7943089.4
1579478400,1/20/2020,MONAJPY,129,132.5,119.8,126.7,58352,7404265.9
1579392000,1/19/2020,MONAJPY,125.8,137.8,117.2,129,152136,19601007.1
1579305600,1/18/2020,MONAJPY,143,147.6,125.8,125.8,151159,20492894.6
1579219200,1/17/2020,MONAJPY,122.4,155.5,122.4,143,368414,51092191.6
1579132800,1/16/2020,MONAJPY,114.5,125,104.2,122.4,92826,10553724.5
1579046400,1/15/2020,MONAJPY,104.7,119,100.8,114.5,103737,11661039
1578960000,1/14/2020,MONAJPY,93.3,105.4,93.3,104.7,56525,5564292.5
1578873600,1/13/2020,MONAJPY,95,95.4,93.3,93.3,8688,820488.2
1578787200,1/12/2020,MONAJPY,91,96.7,91,95,31912,3031101.2
1578700800,1/11/2020,MONAJPY,92,93.6,90.4,91,13975,1284744.1
1578614400,1/10/2020,MONAJPY,90.4,92.2,89,92,15881,1445254
1578528000,1/9/2020,MONAJPY,90,93.5,89,90.4,14157,1286982.3
1578441600,1/8/2020,MONAJPY,90.8,94.4,88.7,90,27680,2534994.6
1578355200,1/7/2020,MONAJPY,93.9,94.3,89,90.8,30433,2771122.3
1578268800,1/6/2020,MONAJPY,86.9,93.9,85.2,93.9,46242,4152044.6
1578182400,1/5/2020,MONAJPY,86.7,90.5,85.2,86.9,9740,852987.1
1578096000,1/4/2020,MONAJPY,83,87.8,82,86.7,18840,1602532.8
1578009600,1/3/2020,MONAJPY,81.7,83.4,80.3,83,17025,1395928
1577923200,1/2/2020,MONAJPY,83.6,84.1,80.7,81.7,7920,648651.6
1577836800,1/1/2020,MONAJPY,81.8,84.3,81.8,83.6,4915,412084.8
1577750400,12/31/2019,MONAJPY,83.2,84.2,80.5,81.8,15331,1254096.5
1577664000,12/30/2019,MONAJPY,86,86,83.2,83.2,7818,658896.6
1577577600,12/29/2019,MONAJPY,85,86.7,84,86,17905,1521318.7
1577491200,12/28/2019,MONAJPY,83.1,86.2,83,85,15990,1367260.5
1577404800,12/27/2019,MONAJPY,83.9,84.9,81,83.1,11343,943902.3
1577318400,12/26/2019,MONAJPY,84.5,85.6,83.6,83.9,7136,602378.8
1577232000,12/25/2019,MONAJPY,84.4,87.5,83.5,84.5,13065,1121532.1
1577145600,12/24/2019,MONAJPY,89.5,89.5,84.4,84.4,13796,1197097.7
1577059200,12/23/2019,MONAJPY,92,93.8,86.8,89.5,23557,2143428.7
1576972800,12/22/2019,MONAJPY,86.6,92.6,86.6,92,10395,936349.5
1576886400,12/21/2019,MONAJPY,86,93.8,86,86.6,27305,2440022.5
1576800000,12/20/2019,MONAJPY,84.2,87,82.1,86,15119,1283094.9
1576713600,12/19/2019,MONAJPY,86.8,86.8,81.5,84.2,10811,905441.5
1576627200,12/18/2019,MONAJPY,82.1,87.5,77.9,86.8,37513,3089776.4
1576540800,12/17/2019,MONAJPY,90.1,91.8,82,82.1,40968,3547037.4
1576454400,12/16/2019,MONAJPY,95,96.6,90,90.1,18540,1715908.7
1576368000,12/15/2019,MONAJPY,96.2,96.5,94.3,95,2349,223470.8
1576281600,12/14/2019,MONAJPY,97.2,98,95.2,96.2,9159,885398.5
1576195200,12/13/2019,MONAJPY,97,97.2,96,97.2,6118,590830.4
1576108800,12/12/2019,MONAJPY,95.6,97,94,97,8817,841760.9
1576022400,12/11/2019,MONAJPY,96.7,98,95.6,95.6,8341,809388.1
1575936000,12/10/2019,MONAJPY,97.6,98.7,96,96.7,6709,651309
1575849600,12/9/2019,MONAJPY,98.1,100,97.6,97.6,5744,568325.4
1575763200,12/8/2019,MONAJPY,97.6,101.3,97.1,98.1,16439,1634275.4
1575676800,12/7/2019,MONAJPY,98.4,98.6,97.5,97.6,3424,335707.5
1575590400,12/6/2019,MONAJPY,97,98.8,97,98.4,13117,1282288.4
1575504000,12/5/2019,MONAJPY,97,98.1,95.1,97,15807,1533326.5
1575417600,12/4/2019,MONAJPY,98.4,98.7,94,97,30394,2926893.3
1575331200,12/3/2019,MONAJPY,99.2,99.9,98,98.4,9603,946094.8
1575244800,12/2/2019,MONAJPY,101.5,101.5,98.1,99.2,21754,2169759.1
1575158400,12/1/2019,MONAJPY,100,103,98.8,101.5,17822,1795940.6
1575072000,11/30/2019,MONAJPY,102,106,99.1,100,28949,2941493.3
1574985600,11/29/2019,MONAJPY,99.7,103.5,99.7,102,4851,494988.4
1574899200,11/28/2019,MONAJPY,103.8,103.8,99.7,99.7,8953,910302.4
1574812800,11/27/2019,MONAJPY,101.4,104.5,96.5,103.8,23706,2372515
1574726400,11/26/2019,MONAJPY,100,101.8,98.5,101.4,8342,834353.3
1574640000,11/25/2019,MONAJPY,102,104,94.6,100,37741,3745396.9
1574553600,11/24/2019,MONAJPY,98.6,109.4,98,102,63898,6669452.1
1574467200,11/23/2019,MONAJPY,97.4,101,95.6,98.6,14560,1431840.3
1574380800,11/22/2019,MONAJPY,104,105.4,92.7,97.4,67252,6612018
1574294400,11/21/2019,MONAJPY,110.7,110.9,102,104,20453,2150266.1
1574208000,11/20/2019,MONAJPY,111.4,111.8,109,110.7,12884,1421391.2
1574121600,11/19/2019,MONAJPY,113.3,113.8,108,111.4,22926,2547473.4
1574035200,11/18/2019,MONAJPY,115.1,116,112.3,113.3,9702,1104679.2
1573948800,11/17/2019,MONAJPY,113.4,116.4,113.4,115.1,11543,1333499.5
1573862400,11/16/2019,MONAJPY,114.5,115.5,113.2,113.4,7729,881446.6
1573776000,11/15/2019,MONAJPY,116.5,117.8,114,114.5,10985,1278309.6
1573689600,11/14/2019,MONAJPY,118.5,118.6,115.7,116.5,12105,1417911.5
1573603200,11/13/2019,MONAJPY,118.2,119.2,117.6,118.5,3666,433968.5
1573516800,11/12/2019,MONAJPY,119,120,118,118.2,7267,865297.9
1573430400,11/11/2019,MONAJPY,120,120,118,119,8639,1025671.8
1573344000,11/10/2019,MONAJPY,119.2,121.9,117.5,120,14915,1792139.3
1573257600,11/9/2019,MONAJPY,117.5,119.9,116.1,119.2,6512,770424.1
1573171200,11/8/2019,MONAJPY,120.5,121,116,117.5,14948,1769295.4
1573084800,11/7/2019,MONAJPY,121,122.5,119,120.5,11683,1405351.9
1572998400,11/6/2019,MONAJPY,120.8,125.8,118.8,121,30787,3772208.5
1572912000,11/5/2019,MONAJPY,120.1,121,118.9,120.8,14108,1689000.2
1572825600,11/4/2019,MONAJPY,119,121.5,118.7,120.1,6433,769455.5
1572739200,11/3/2019,MONAJPY,119.5,121.4,119,119,6893,830950.8
1572652800,11/2/2019,MONAJPY,120.9,121,119.5,119.5,13505,1627623.2
1572566400,11/1/2019,MONAJPY,120.6,122,118.6,120.9,5452,656384.4
1572480000,10/31/2019,MONAJPY,124,126.6,118.9,120.6,38046,4613266.9
1572393600,10/30/2019,MONAJPY,118.7,126,118.7,124,36031,4414982.4
1572307200,10/29/2019,MONAJPY,118.5,120.5,118.2,118.7,9487,1127207.7
1572220800,10/28/2019,MONAJPY,120,121.3,117.6,118.5,30464,3648119.2
1572134400,10/27/2019,MONAJPY,118.5,122.5,117,120,29232,3501574.3
1572048000,10/26/2019,MONAJPY,119,124.5,116,118.5,57016,6833620.7
1571961600,10/25/2019,MONAJPY,112.5,120.5,112,119,25543,2968985.5
1571875200,10/24/2019,MONAJPY,114.4,114.4,111.1,112.5,29421,3292684.6
1571788800,10/23/2019,MONAJPY,119,119.8,112,114.4,37079,4271524.4
1571702400,10/22/2019,MONAJPY,120,121.6,119,119,8118,975188.8
1571616000,10/21/2019,MONAJPY,118.7,123.4,118.6,120,11804,1425217.3
1571529600,10/20/2019,MONAJPY,118.9,120,116.7,118.7,8518,1011743
1571443200,10/19/2019,MONAJPY,117.5,119,116.4,118.9,14828,1753852.5
1571356800,10/18/2019,MONAJPY,117.1,119.5,115.6,117.5,19323,2263385.9
1571270400,10/17/2019,MONAJPY,118,119.3,111.1,117.1,77671,8971830.4
1571184000,10/16/2019,MONAJPY,119.9,121.7,115,118,25514,3001863.7
1571097600,10/15/2019,MONAJPY,123,125,117.8,119.9,13833,1680716.5
1571011200,10/14/2019,MONAJPY,126,126,123,123,17512,2174376.1
1570924800,10/13/2019,MONAJPY,126.7,127.5,124.8,126,16818,2107773.4
1570838400,10/12/2019,MONAJPY,125.5,127.8,125,126.7,7662,964779.6
1570752000,10/11/2019,MONAJPY,128.6,131.9,125,125.5,14856,1885265.8
1570665600,10/10/2019,MONAJPY,129.6,134,127.1,128.6,49800,6488146.5
1570579200,10/9/2019,MONAJPY,126,131,125.4,129.6,42340,5416443.6
1570492800,10/8/2019,MONAJPY,125.5,129.2,124.3,126,17838,2258903.8
1570406400,10/7/2019,MONAJPY,127.3,128,123.1,125.5,41889,5245628.4
1570320000,10/6/2019,MONAJPY,127,128.4,123.7,127.3,22794,2872907.8
1570233600,10/5/2019,MONAJPY,126.5,129.3,126,127,16531,2108264.6
1570147200,10/4/2019,MONAJPY,127,129.4,123.5,126.5,19683,2485115.9
1570060800,10/3/2019,MONAJPY,130.3,130.3,122,127,27051,3399081.9
1569974400,10/2/2019,MONAJPY,129.5,133.5,128.1,130.3,39740,5203398.2
1569888000,10/1/2019,MONAJPY,123.5,134.3,121.5,129.5,105867,13593155.6
1569801600,9/30/2019,MONAJPY,118.5,128.5,117,123.5,73983,9011365.7
1569715200,9/29/2019,MONAJPY,120.3,120.3,116.2,118.5,15544,1828655.4
1569628800,9/28/2019,MONAJPY,121,122.8,117.8,120.3,24496,2930823.5
1569542400,9/27/2019,MONAJPY,119.5,122.5,115,121,35773,4231237.5
1569456000,9/26/2019,MONAJPY,116.2,128.5,113.2,119.5,103279,12436945.7
1569369600,9/25/2019,MONAJPY,123.9,123.9,111.1,116.2,132621,15531973.9
1569283200,9/24/2019,MONAJPY,117,144.9,111,123.9,365045,46493129
1569196800,9/23/2019,MONAJPY,122,122,116.2,117,50667,6054905.8
1569110400,9/22/2019,MONAJPY,123.6,124.8,118.8,122,75060,9087104.1
1569024000,9/21/2019,MONAJPY,129.4,129.4,123,123.6,42376,5357421.2
1568937600,9/20/2019,MONAJPY,130,130.4,128.1,129.4,21552,2789438.4
1568851200,9/19/2019,MONAJPY,138.4,138.4,126.1,130,108872,14232432
1568764800,9/18/2019,MONAJPY,130,138.4,128.3,138.4,92003,12083684
1568678400,9/17/2019,MONAJPY,131.8,137,125.7,130,106434,13948879.8
1568592000,9/16/2019,MONAJPY,144,144.4,125,131.8,132997,17749114.6
1568505600,9/15/2019,MONAJPY,154.2,167.5,140.1,144,284049,42709176.7
1568419200,9/14/2019,MONAJPY,106,177,106,154.2,1035392,150881495.6
1568332800,9/13/2019,MONAJPY,106.8,107.4,102,106,33541,3499634.7
1568246400,9/12/2019,MONAJPY,108.1,110.2,105,106.8,25826,2770936.6
1568160000,9/11/2019,MONAJPY,110.6,112,105.5,108.1,89836,9783927.9
1568073600,9/10/2019,MONAJPY,116.7,118.3,110.6,110.6,31319,3565317.9
1567987200,9/9/2019,MONAJPY,119.5,121.5,116.2,116.7,26158,3112735
1567900800,9/8/2019,MONAJPY,120.2,124,119,119.5,37955,4583921
1567814400,9/7/2019,MONAJPY,121.1,124.3,116.5,120.2,46002,5520020.8
1567728000,9/6/2019,MONAJPY,127.8,128,120,121.1,46221,5763425.1
1567641600,9/5/2019,MONAJPY,131.7,131.9,126,127.8,38048,4940769.8
1567555200,9/4/2019,MONAJPY,134,134.9,131.7,131.7,17438,2319141
1567468800,9/3/2019,MONAJPY,137.5,137.8,133,134,39306,5300282.2
1567382400,9/2/2019,MONAJPY,132.4,138.9,132.3,137.5,23281,3130954.9
1567296000,9/1/2019,MONAJPY,132.4,135.6,130.9,132.4,23138,3076327.1
1567209600,8/31/2019,MONAJPY,131,134.2,130.8,132.4,18829,2480996.8
1567123200,8/30/2019,MONAJPY,134.6,135.5,129.1,131,77284,10245793.3
1567036800,8/29/2019,MONAJPY,139,139,129.2,134.6,37159,4957587
1566950400,8/28/2019,MONAJPY,146.9,148,139,139,32856,4743539
1566864000,8/27/2019,MONAJPY,151.5,152.8,145.6,146.9,24129,3571770
1566777600,8/26/2019,MONAJPY,150,154,147.4,151.5,18632,2827345.5
1566691200,8/25/2019,MONAJPY,152.5,157.5,147.8,150,25961,3981031.1
1566604800,8/24/2019,MONAJPY,156.5,158,147,152.5,25600,3867411.5
1566518400,8/23/2019,MONAJPY,149.9,162.5,148,156.5,83731,13129305.3
1566432000,8/22/2019,MONAJPY,151.1,151.5,140.3,149.9,82298,11948512
1566345600,8/21/2019,MONAJPY,163,163.7,146.7,151.1,99320,15236025.8
1566259200,8/20/2019,MONAJPY,167,168,161.5,163,10623,1745969.2
1566172800,8/19/2019,MONAJPY,164,169,163.3,167,28854,4838871
1566086400,8/18/2019,MONAJPY,160,167,155.5,164,49965,8046173
1566000000,8/17/2019,MONAJPY,163,165.8,158.1,160,16662,2710488.3
1565913600,8/16/2019,MONAJPY,166.4,168.8,158,163,21698,3523817.1
1565827200,8/15/2019,MONAJPY,169.3,170,151.2,166.4,59263,9621874.8
1565740800,8/14/2019,MONAJPY,183,189.9,165.2,169.3,28288,5058613.3
1565654400,8/13/2019,MONAJPY,188.5,190,181.3,183,18497,3406666
1565568000,8/12/2019,MONAJPY,191,192.1,185.6,188.5,7563,1424733.5
1565481600,8/11/2019,MONAJPY,188,194.2,185,191,18220,3463192.5
1565395200,8/10/2019,MONAJPY,193.2,194.9,175.9,188,81791,14929624.9
1565308800,8/9/2019,MONAJPY,199.8,202.5,191.5,193.2,27484,5361546.1
1565222400,8/8/2019,MONAJPY,201.5,203.4,195,199.8,39767,7896815
1565136000,8/7/2019,MONAJPY,204.9,205,198,201.5,24882,5044007.8
1565049600,8/6/2019,MONAJPY,209,209.1,201.5,204.9,41687,8604537.9
1564963200,8/5/2019,MONAJPY,206.3,215.1,206.3,209,57452,12044481
1564876800,8/4/2019,MONAJPY,204.1,206.4,200,206.3,11063,2261740.8
1564790400,8/3/2019,MONAJPY,205,206.7,203.7,204.1,9671,1985790.4
1564704000,8/2/2019,MONAJPY,206.5,207.9,204,205,18908,3895651.7
1564617600,8/1/2019,MONAJPY,207,209,204,206.5,19795,4084104.5
1564531200,7/31/2019,MONAJPY,207.2,210.7,206.6,207,36139,7521195.5
1564444800,7/30/2019,MONAJPY,208.3,208.3,202.9,207.2,22165,4554815.1
1564358400,7/29/2019,MONAJPY,208,213,201.8,208.3,25039,5145722.4
1564272000,7/28/2019,MONAJPY,215.8,216.6,200,208,29901,6234547.3
1564185600,7/27/2019,MONAJPY,223,226.5,211.6,215.8,38772,8480562.5
1564099200,7/26/2019,MONAJPY,223.4,224.2,215.1,223,34439,7572823.9
1564012800,7/25/2019,MONAJPY,219.5,226.5,218,223.4,54348,12139713.6
1563926400,7/24/2019,MONAJPY,228.6,228.6,210.1,219.5,139087,30161787.1
1563840000,7/23/2019,MONAJPY,216.2,233.9,213.4,228.6,235841,53483984.5
1563753600,7/22/2019,MONAJPY,203.3,217,203.3,216.2,113385,24112584.8
1563667200,7/21/2019,MONAJPY,206.9,207.2,199.2,203.3,23051,4693513.2
1563580800,7/20/2019,MONAJPY,201,209.3,199.2,206.9,44522,9133426.6
1563494400,7/19/2019,MONAJPY,206.5,206.5,196.6,201,46599,9399780.6
1563408000,7/18/2019,MONAJPY,198,207,191,206.5,93523,18739729.3
1563321600,7/17/2019,MONAJPY,186.6,205,183.7,198,136919,26277111.2
1563235200,7/16/2019,MONAJPY,215,224.8,183.9,186.6,190718,39180652.8
1563148800,7/15/2019,MONAJPY,186,222,174,215,336079,64181212.4
1563062400,7/14/2019,MONAJPY,218,223.9,185,186,158927,31745053.3
1562976000,7/13/2019,MONAJPY,235,237.4,208.5,218,87390,19443465.5
1562889600,7/12/2019,MONAJPY,232,237.2,215,235,145991,33062687.1
1562803200,7/11/2019,MONAJPY,251,252.4,230,232,109633,26148412.5
1562716800,7/10/2019,MONAJPY,266,267,245,251,93448,24037702.7
1562630400,7/9/2019,MONAJPY,255.4,266.3,253.4,266,75881,19580858.7
1562544000,7/8/2019,MONAJPY,254,258,251.4,255.4,60581,15403913
1562457600,7/7/2019,MONAJPY,252.8,256.9,251.8,254,22380,5672212.3
1562371200,7/6/2019,MONAJPY,252.5,263,251.9,252.8,52824,13530458.1
1562284800,7/5/2019,MONAJPY,250,258.4,246.3,252.5,58645,14826130.2
1562198400,7/4/2019,MONAJPY,265,268,249.4,250,65689,17022777.8
1562112000,7/3/2019,MONAJPY,251,280,250,265,284106,75557476.1
1562025600,7/2/2019,MONAJPY,260,261.7,231,251,243020,59583211.3
1561939200,7/1/2019,MONAJPY,263.5,270.9,252.5,260,122978,32338070.9
1561852800,6/30/2019,MONAJPY,265.7,290.4,260.2,263.5,251320,68912182.7
1561766400,6/29/2019,MONAJPY,272.8,273.4,260,265.7,76648,20358732.7
1561680000,6/28/2019,MONAJPY,266.3,276.8,260,272.8,180905,48437025.6
1561593600,6/27/2019,MONAJPY,298,302.9,254.1,266.3,351222,96280219.3
1561507200,6/26/2019,MONAJPY,308.3,315,290.1,298,368854,112196697
1561420800,6/25/2019,MONAJPY,290.1,314.8,290.1,308.3,398017,120816590.5
1561334400,6/24/2019,MONAJPY,289,296,280.2,290.1,140624,40873431.4
1561248000,6/23/2019,MONAJPY,290,294.9,271.5,289,215459,61172141.4
1561161600,6/22/2019,MONAJPY,303.5,305.8,270,290,435130,126847366
1561075200,6/21/2019,MONAJPY,252.3,314.9,251.1,303.5,1060734,304805377
1560988800,6/20/2019,MONAJPY,256,258.5,245,252.3,148096,37366402.5
1560902400,6/19/2019,MONAJPY,242.7,262,242.7,256,199070,50306313
1560816000,6/18/2019,MONAJPY,249.3,276,235.1,242.7,511407,130213026
1560729600,6/17/2019,MONAJPY,228.6,249.3,224.4,249.3,281749,66972046.3
1560643200,6/16/2019,MONAJPY,215.1,240.5,215.1,228.6,239736,53768779.1
1560556800,6/15/2019,MONAJPY,214,222.9,213.8,215.1,74538,16181610.6
1560470400,6/14/2019,MONAJPY,222,223,210.2,214,74577,16089409.2
1560384000,6/13/2019,MONAJPY,218,231,215,222,117855,26194021.3
1560297600,6/12/2019,MONAJPY,226.3,228,205.4,218,270960,58299327.9
1560211200,6/11/2019,MONAJPY,240.3,243,225.2,226.3,164560,38101828
1560124800,6/10/2019,MONAJPY,239.2,243.9,230.1,240.3,113394,26969883.9
1560038400,6/9/2019,MONAJPY,267,267.2,232,239.2,202263,49913544.3
1559952000,6/8/2019,MONAJPY,249.8,280,239.5,267,644819,167674483.1
1559865600,6/7/2019,MONAJPY,245.5,250,220,249.8,410518,95943982.3
1559779200,6/6/2019,MONAJPY,264,268.4,220,245.5,751819,184038544.3
1559692800,6/5/2019,MONAJPY,313,409,253.6,264,2872279,948762870.2
1559606400,6/4/2019,MONAJPY,295,320.9,291,313,366850,113349356.3
1559520000,6/3/2019,MONAJPY,324,327,285,295,497672,151200843
1559433600,6/2/2019,MONAJPY,384,388,260.6,324,2212256,712510322.6
1559347200,6/1/2019,MONAJPY,255,390,242,384,2185085,675122385.5
1559260800,5/31/2019,MONAJPY,120,364,118.8,255,2477981,539057644.8
1559174400,5/30/2019,MONAJPY,122.1,129,117.1,120,83348,10332673.7
1559088000,5/29/2019,MONAJPY,119.6,126.6,118.3,122.1,76756,9411544.9
1559001600,5/28/2019,MONAJPY,121.6,123,118,119.6,32759,3941309.3
1558915200,5/27/2019,MONAJPY,119,129.7,117.5,121.6,176357,21634632.5
1558828800,5/26/2019,MONAJPY,114.9,119.3,113,119,63661,7366008.7
1558742400,5/25/2019,MONAJPY,113.8,116.3,113.8,114.9,62619,7193346.7
1558656000,5/24/2019,MONAJPY,113.6,116.7,111.7,113.8,65027,7415666.3
1558569600,5/23/2019,MONAJPY,111.5,113.6,108.8,113.6,50280,5581651.9
1558483200,5/22/2019,MONAJPY,117.9,119,111.5,111.5,52846,6111944.8
1558396800,5/21/2019,MONAJPY,119,119,115.2,117.9,42673,4999160.4
1558310400,5/20/2019,MONAJPY,130,130,113,119,55624,6672855.1
1558224000,5/19/2019,MONAJPY,108.5,130,108.5,130,118563,14227179.3
1558137600,5/18/2019,MONAJPY,116,116.7,107.8,108.5,28324,3163290.2
1558051200,5/17/2019,MONAJPY,121.5,123.5,108,116,86064,9701715.7
1557964800,5/16/2019,MONAJPY,124,135.6,118,121.5,112479,14148819.1
1557878400,5/15/2019,MONAJPY,116.7,124.9,113.1,124,76279,9121768.1
1557792000,5/14/2019,MONAJPY,108.2,128.5,106.2,116.7,163802,19214569.4
1557705600,5/13/2019,MONAJPY,106.7,109,103.5,108.2,31819,3399986.8
1557619200,5/12/2019,MONAJPY,111.9,113,103.1,106.7,28398,3054527.6
1557532800,5/11/2019,MONAJPY,100.4,111.9,100.4,111.9,75946,7940934.2
1557446400,5/10/2019,MONAJPY,102.3,107,99.1,100.4,44316,4501929.2
1557360000,5/9/2019,MONAJPY,107,109.3,100.6,102.3,46764,4882417.2
1557273600,5/8/2019,MONAJPY,109.7,109.8,105,107,34779,3744679.3
1557187200,5/7/2019,MONAJPY,110.1,115,108.2,109.7,23430,2585567.5
1557100800,5/6/2019,MONAJPY,115,115,109,110.1,35528,3939138.2
1557014400,5/5/2019,MONAJPY,116,119.4,114.1,115,8888,1038485.2
1556928000,5/4/2019,MONAJPY,120,120,111.5,116,15977,1842683.3
1556841600,5/3/2019,MONAJPY,117,121.2,113.6,120,36782,4317606.1
1556755200,5/2/2019,MONAJPY,120,120.9,117,117,19470,2309087.8
1556668800,5/1/2019,MONAJPY,121,123.6,115.5,120,30338,3648323.1
1556582400,4/30/2019,MONAJPY,112.1,128.8,112.1,121,104163,12775200.2
1556496000,4/29/2019,MONAJPY,120,124,111.5,112.1,46416,5440287.2
1556409600,4/28/2019,MONAJPY,103.2,122,103.2,120,89868,10216453.3
1556323200,4/27/2019,MONAJPY,104.9,106.8,99,103.3,59998,6176565.2
1556236800,4/26/2019,MONAJPY,107.2,113,100,104.9,71213,7584262.9
1556150400,4/25/2019,MONAJPY,114,115.5,106.1,107.2,48111,5310571.2
1556064000,4/24/2019,MONAJPY,124,127,104.7,114,100252,11481018.4
1555977600,4/23/2019,MONAJPY,134,144,116,124,192768,24298681.1
1555891200,4/22/2019,MONAJPY,134,134,134,134,0,0
1555804800,4/21/2019,MONAJPY,134,134,134,134,0,0
1555718400,4/20/2019,MONAJPY,134,134,134,134,0,0
1555632000,4/19/2019,MONAJPY,134,134,134,134,0,0
1555545600,4/18/2019,MONAJPY,134,134,134,134,0,0
1555459200,4/17/2019,MONAJPY,134,134,134,134,0,0
1555372800,4/16/2019,MONAJPY,134,134,134,134,0,0
1555286400,4/15/2019,MONAJPY,134,134,134,134,0,0
1555200000,4/14/2019,MONAJPY,134,134,134,134,0,0
1555113600,4/13/2019,MONAJPY,134,134,134,134,0,0
1555027200,4/12/2019,MONAJPY,134,134,134,134,0,0
1554940800,4/11/2019,MONAJPY,134,134,134,134,0,0
1554854400,4/10/2019,MONAJPY,134,134,134,134,0,0
1554768000,4/9/2019,MONAJPY,134,134,134,134,0,0
1554681600,4/8/2019,MONAJPY,134,134,134,134,0,0
1554595200,4/7/2019,MONAJPY,134,134,134,134,0,0
1554508800,4/6/2019,MONAJPY,134,134,134,134,0,0
1554422400,4/5/2019,MONAJPY,134,134,134,134,0,0
1554336000,4/4/2019,MONAJPY,134,134,134,134,0,0
1554249600,4/3/2019,MONAJPY,134,134,134,134,0,0
1554163200,4/2/2019,MONAJPY,134,134,134,134,0,0
1554076800,4/1/2019,MONAJPY,134,134,134,134,0,0
1553990400,3/31/2019,MONAJPY,134,134,134,134,0,0
1553904000,3/30/2019,MONAJPY,134,134,134,134,0,0
1553817600,3/29/2019,MONAJPY,134,134,134,134,0,0
1553731200,3/28/2019,MONAJPY,134,134,134,134,0,0
1553644800,3/27/2019,MONAJPY,134,134,134,134,0,0
1553558400,3/26/2019,MONAJPY,134,134,134,134,0,0
1553472000,3/25/2019,MONAJPY,134,134,134,134,0,0
1553385600,3/24/2019,MONAJPY,134,134,134,134,0,0
1553299200,3/23/2019,MONAJPY,134,134,134,134,0,0
1553212800,3/22/2019,MONAJPY,134,134,134,134,0,0
1553126400,3/21/2019,MONAJPY,134,134,134,134,0,0
1553040000,3/20/2019,MONAJPY,134,134,134,134,0,0
1552953600,3/19/2019,MONAJPY,134,134,134,134,0,0
1552867200,3/18/2019,MONAJPY,134,134,134,134,0,0
1552780800,3/17/2019,MONAJPY,134,134,134,134,0,0
1552694400,3/16/2019,MONAJPY,134,134,134,134,0,0
1552608000,3/15/2019,MONAJPY,134,134,134,134,0,0
1552521600,3/14/2019,MONAJPY,134,134,134,134,0,0
1552435200,3/13/2019,MONAJPY,134,134,134,134,0,0
1552348800,3/12/2019,MONAJPY,134,134,134,134,0,0
1552262400,3/11/2019,MONAJPY,134,134,134,134,0,0
1552176000,3/10/2019,MONAJPY,134,134,134,134,0,0
1552089600,3/9/2019,MONAJPY,134,134,134,134,0,0
1552003200,3/8/2019,MONAJPY,134,134,134,134,0,0
1551916800,3/7/2019,MONAJPY,134,134,134,134,0,0
1551830400,3/6/2019,MONAJPY,134,134,134,134,0,0
1551744000,3/5/2019,MONAJPY,134,134,134,134,0,0
1551657600,3/4/2019,MONAJPY,134,134,134,134,0,0
1551571200,3/3/2019,MONAJPY,134,134,134,134,0,0
1551484800,3/2/2019,MONAJPY,134,134,134,134,0,0
1551398400,3/1/2019,MONAJPY,134,134,134,134,0,0
1551312000,2/28/2019,MONAJPY,134,134,134,134,0,0
1551225600,2/27/2019,MONAJPY,134,134,134,134,0,0
1551139200,2/26/2019,MONAJPY,134,134,134,134,0,0
1551052800,2/25/2019,MONAJPY,134,134,134,134,0,0
1550966400,2/24/2019,MONAJPY,134,134,134,134,0,0
1550880000,2/23/2019,MONAJPY,134,134,134,134,0,0
1550793600,2/22/2019,MONAJPY,134,134,134,134,0,0
1550707200,2/21/2019,MONAJPY,134,134,134,134,0,0
1550620800,2/20/2019,MONAJPY,134,134,134,134,0,0
1550534400,2/19/2019,MONAJPY,134,134,134,134,0,0
1550448000,2/18/2019,MONAJPY,134,134,134,134,0,0
1550361600,2/17/2019,MONAJPY,134,134,134,134,0,0
1550275200,2/16/2019,MONAJPY,134,134,134,134,0,0
1550188800,2/15/2019,MONAJPY,134,134,134,134,0,0
1550102400,2/14/2019,MONAJPY,134,134,134,134,0,0
1550016000,2/13/2019,MONAJPY,134,134,134,134,0,0
1549929600,2/12/2019,MONAJPY,134,134,134,134,0,0
1549843200,2/11/2019,MONAJPY,134,134,134,134,0,0
1549756800,2/10/2019,MONAJPY,134,134,134,134,0,0
1549670400,2/9/2019,MONAJPY,134,134,134,134,0,0
1549584000,2/8/2019,MONAJPY,134,134,134,134,0,0
1549497600,2/7/2019,MONAJPY,134,134,134,134,0,0
1549411200,2/6/2019,MONAJPY,134,134,134,134,0,0
1549324800,2/5/2019,MONAJPY,134,134,134,134,0,0
1549238400,2/4/2019,MONAJPY,134,134,134,134,0,0
1549152000,2/3/2019,MONAJPY,134,134,134,134,0,0
1549065600,2/2/2019,MONAJPY,134,134,134,134,0,0
1548979200,2/1/2019,MONAJPY,134,134,134,134,0,0
1548892800,1/31/2019,MONAJPY,134,134,134,134,0,0
1548806400,1/30/2019,MONAJPY,134,134,134,134,0,0
1548720000,1/29/2019,MONAJPY,134,134,134,134,0,0
1548633600,1/28/2019,MONAJPY,134,134,134,134,0,0
1548547200,1/27/2019,MONAJPY,134,134,134,134,0,0
1548460800,1/26/2019,MONAJPY,134,134,134,134,0,0
1548374400,1/25/2019,MONAJPY,134,134,134,134,0,0
1548288000,1/24/2019,MONAJPY,134,134,134,134,0,0
1548201600,1/23/2019,MONAJPY,134,134,134,134,0,0
1548115200,1/22/2019,MONAJPY,134,134,134,134,0,0
1548028800,1/21/2019,MONAJPY,134,134,134,134,0,0
1547942400,1/20/2019,MONAJPY,134,134,134,134,0,0
1547856000,1/19/2019,MONAJPY,134,134,134,134,0,0
1547769600,1/18/2019,MONAJPY,134,134,134,134,0,0
1547683200,1/17/2019,MONAJPY,134,134,134,134,0,0
1547596800,1/16/2019,MONAJPY,134,134,134,134,0,0
1547510400,1/15/2019,MONAJPY,134,134,134,134,0,0
1547424000,1/14/2019,MONAJPY,134,134,134,134,0,0
1547337600,1/13/2019,MONAJPY,134,134,134,134,0,0
1547251200,1/12/2019,MONAJPY,134,134,134,134,0,0
1547164800,1/11/2019,MONAJPY,134,134,134,134,0,0
1547078400,1/10/2019,MONAJPY,134,134,134,134,0,0
1546992000,1/9/2019,MONAJPY,134,134,134,134,0,0
1546905600,1/8/2019,MONAJPY,134,134,134,134,0,0
1546819200,1/7/2019,MONAJPY,134,134,134,134,0,0
1546732800,1/6/2019,MONAJPY,134,134,134,134,0,0
1546646400,1/5/2019,MONAJPY,134,134,134,134,0,0
1546560000,1/4/2019,MONAJPY,134,134,134,134,0,0
1546473600,1/3/2019,MONAJPY,134,134,134,134,0,0
1546387200,1/2/2019,MONAJPY,134,134,134,134,0,0
1546300800,1/1/2019,MONAJPY,134,134,134,134,0,0
1546214400,12/31/2018,MONAJPY,134,134,134,134,0,0
1546128000,12/30/2018,MONAJPY,134,134,134,134,0,0
1546041600,12/29/2018,MONAJPY,134,134,134,134,0,0
1545955200,12/28/2018,MONAJPY,134,134,134,134,0,0
1545868800,12/27/2018,MONAJPY,134,134,134,134,0,0
1545782400,12/26/2018,MONAJPY,134,134,134,134,0,0
1545696000,12/25/2018,MONAJPY,134,134,134,134,0,0
1545609600,12/24/2018,MONAJPY,134,134,134,134,0,0
1545523200,12/23/2018,MONAJPY,134,134,134,134,0,0
1545436800,12/22/2018,MONAJPY,134,134,134,134,0,0
1545350400,12/21/2018,MONAJPY,134,134,134,134,0,0
1545264000,12/20/2018,MONAJPY,134,134,134,134,0,0
1545177600,12/19/2018,MONAJPY,134,134,134,134,0,0
1545091200,12/18/2018,MONAJPY,134,134,134,134,0,0
1545004800,12/17/2018,MONAJPY,134,134,134,134,0,0
1544918400,12/16/2018,MONAJPY,134,134,134,134,0,0
1544832000,12/15/2018,MONAJPY,134,134,134,134,0,0
1544745600,12/14/2018,MONAJPY,134,134,134,134,0,0
1544659200,12/13/2018,MONAJPY,134,134,134,134,0,0
1544572800,12/12/2018,MONAJPY,134,134,134,134,0,0
1544486400,12/11/2018,MONAJPY,134,134,134,134,0,0
1544400000,12/10/2018,MONAJPY,134,134,134,134,0,0
1544313600,12/9/2018,MONAJPY,134,134,134,134,0,0
1544227200,12/8/2018,MONAJPY,134,134,134,134,0,0
1544140800,12/7/2018,MONAJPY,134,134,134,134,0,0
1544054400,12/6/2018,MONAJPY,134,134,134,134,0,0
1543968000,12/5/2018,MONAJPY,134,134,134,134,0,0
1543881600,12/4/2018,MONAJPY,134,134,134,134,0,0
1543795200,12/3/2018,MONAJPY,134,134,134,134,0,0
1543708800,12/2/2018,MONAJPY,134,134,134,134,0,0
1543622400,12/1/2018,MONAJPY,134,134,134,134,0,0
1543536000,11/30/2018,MONAJPY,134,134,134,134,0,0
1543449600,11/29/2018,MONAJPY,134,134,134,134,0,0
1543363200,11/28/2018,MONAJPY,134,134,134,134,0,0
1543276800,11/27/2018,MONAJPY,134,134,134,134,0,0
1543190400,11/26/2018,MONAJPY,134,134,134,134,0,0
1543104000,11/25/2018,MONAJPY,134,134,134,134,0,0
1543017600,11/24/2018,MONAJPY,134,134,134,134,0,0
1542931200,11/23/2018,MONAJPY,134,134,134,134,0,0
1542844800,11/22/2018,MONAJPY,134,134,134,134,0,0
1542758400,11/21/2018,MONAJPY,134,134,134,134,0,0
1542672000,11/20/2018,MONAJPY,134,134,134,134,0,0
1542585600,11/19/2018,MONAJPY,134,134,134,134,0,0
1542499200,11/18/2018,MONAJPY,134,134,134,134,0,0
1542412800,11/17/2018,MONAJPY,134,134,134,134,0,0
1542326400,11/16/2018,MONAJPY,134,134,134,134,0,0
1542240000,11/15/2018,MONAJPY,134,134,134,134,0,0
1542153600,11/14/2018,MONAJPY,134,134,134,134,0,0
1542067200,11/13/2018,MONAJPY,134,134,134,134,0,0
1541980800,11/12/2018,MONAJPY,134,134,134,134,0,0
1541894400,11/11/2018,MONAJPY,134,134,134,134,0,0
1541808000,11/10/2018,MONAJPY,134,134,134,134,0,0
1541721600,11/9/2018,MONAJPY,134,134,134,134,0,0
1541635200,11/8/2018,MONAJPY,134,134,134,134,0,0
1541548800,11/7/2018,MONAJPY,134,134,134,134,0,0
1541462400,11/6/2018,MONAJPY,134,134,134,134,0,0
1541376000,11/5/2018,MONAJPY,134,134,134,134,0,0
1541289600,11/4/2018,MONAJPY,134,134,134,134,0,0
1541203200,11/3/2018,MONAJPY,134,134,134,134,0,0
1541116800,11/2/2018,MONAJPY,134,134,134,134,0,0
1541030400,11/1/2018,MONAJPY,134,134,134,134,0,0
1540944000,10/31/2018,MONAJPY,134,134,134,134,0,0
1540857600,10/30/2018,MONAJPY,134,134,134,134,0,0
1540771200,10/29/2018,MONAJPY,134,134,134,134,0,0
1540684800,10/28/2018,MONAJPY,134,134,134,134,0,0
1540598400,10/27/2018,MONAJPY,134,134,134,134,0,0
1540512000,10/26/2018,MONAJPY,134,134,134,134,0,0
1540425600,10/25/2018,MONAJPY,134,134,134,134,0,0
1540339200,10/24/2018,MONAJPY,134,134,134,134,0,0
1540252800,10/23/2018,MONAJPY,134,134,134,134,0,0
1540166400,10/22/2018,MONAJPY,134,134,134,134,0,0
1540080000,10/21/2018,MONAJPY,134,134,134,134,0,0
1539993600,10/20/2018,MONAJPY,134,134,134,134,0,0
1539907200,10/19/2018,MONAJPY,134,134,134,134,0,0
1539820800,10/18/2018,MONAJPY,134,134,134,134,0,0
1539734400,10/17/2018,MONAJPY,134,134,134,134,0,0
1539648000,10/16/2018,MONAJPY,134,134,134,134,0,0
1539561600,10/15/2018,MONAJPY,134,134,134,134,0,0
1539475200,10/14/2018,MONAJPY,134,134,134,134,0,0
1539388800,10/13/2018,MONAJPY,134,134,134,134,0,0
1539302400,10/12/2018,MONAJPY,134,134,134,134,0,0
1539216000,10/11/2018,MONAJPY,131,134,131,134,880,117920
1539129600,10/10/2018,MONAJPY,130.4,134.9,128,131,47006,6169482.8
1539043200,10/9/2018,MONAJPY,128.5,131.5,126.5,130.4,112742,14549189.3
1538956800,10/8/2018,MONAJPY,122.9,132.4,120.5,128.5,119899,15329748.7
1538870400,10/7/2018,MONAJPY,123.7,127,114,122.9,167023,19783045
1538784000,10/6/2018,MONAJPY,135,136.6,112.3,123.7,219423,27215331.2
1538697600,10/5/2018,MONAJPY,141,141.8,130,135,115511,15873897.8
1538611200,10/4/2018,MONAJPY,148.8,149,136.1,141,137754,19503462.2
1538524800,10/3/2018,MONAJPY,148.7,152,143,148.8,52880,7852304.1
1538438400,10/2/2018,MONAJPY,150.4,160,147.7,148.7,81747,12394438.8
1538352000,10/1/2018,MONAJPY,149.5,151.3,147.1,150.4,54898,8203778.8
1538265600,9/30/2018,MONAJPY,149.6,151.7,147,149.5,33927,5056147.6
1538179200,9/29/2018,MONAJPY,150.9,151.3,146.5,149.6,37329,5535701.5
1538092800,9/28/2018,MONAJPY,149.8,153.7,146.4,150.9,86337,12942712
1538006400,9/27/2018,MONAJPY,149.7,153.1,141.4,149.8,140143,20582767.5
1537920000,9/26/2018,MONAJPY,148,155,141.8,149.7,191828,28482513.5
1537833600,9/25/2018,MONAJPY,140.1,152.9,126,148,402399,55714218.6
1537747200,9/24/2018,MONAJPY,150,157.6,134.1,140.1,138860,19881616.2
1537660800,9/23/2018,MONAJPY,144,159.9,141.9,150,163958,24707387.6
1537574400,9/22/2018,MONAJPY,174.5,194,140,144,640749,105564773.4
1537488000,9/21/2018,MONAJPY,102,195.1,101,174.5,1467112,227004703.4
1537401600,9/20/2018,MONAJPY,97,102.6,94.1,102,209699,20613704.7
1537315200,9/19/2018,MONAJPY,106,109.4,86.3,97,330588,32137011
1537228800,9/18/2018,MONAJPY,106.6,109.9,101,106,108490,11520681
1537142400,9/17/2018,MONAJPY,107.4,112.6,104.1,106.6,148687,16073617.4
1537056000,9/16/2018,MONAJPY,107.7,109.5,106.8,107.4,38672,4176466.7
1536969600,9/15/2018,MONAJPY,107.9,108.8,106.2,107.7,62846,6762404.6
1536883200,9/14/2018,MONAJPY,109.8,112,105,107.9,119917,12996085.1
1536796800,9/13/2018,MONAJPY,108,111.2,104.4,109.8,127419,13825968.1
1536710400,9/12/2018,MONAJPY,110.7,115,101.1,108,244220,25768414.5
1536624000,9/11/2018,MONAJPY,109.8,126,105.9,110.7,244583,27981865.1
1536537600,9/10/2018,MONAJPY,114.5,118,106.2,109.8,101028,11381469.5
1536451200,9/9/2018,MONAJPY,118.3,126.8,105,114.5,252742,29061027.9
1536364800,9/8/2018,MONAJPY,127.5,130,115.9,118.3,161788,19938068.6
1536278400,9/7/2018,MONAJPY,133.1,135.6,125,127.5,101681,13265456
1536192000,9/6/2018,MONAJPY,123.1,139.6,120.7,133.1,152023,19771503.8
1536105600,9/5/2018,MONAJPY,154.7,156.4,123,123.1,188885,26636332.7
1536019200,9/4/2018,MONAJPY,154.1,157.7,153,154.7,54127,8385386.3
1535932800,9/3/2018,MONAJPY,151.7,157.5,150.1,154.1,115864,17889721.8
1535846400,9/2/2018,MONAJPY,164.2,164.7,149,151.7,196850,30708888.1
1535760000,9/1/2018,MONAJPY,163.5,167.5,155,164.2,102064,16682323.2
1535673600,8/31/2018,MONAJPY,167.2,169.9,160,163.5,29287,4808623.3
1535587200,8/30/2018,MONAJPY,171.5,172.9,165,167.2,37139,6242281.1
1535500800,8/29/2018,MONAJPY,173.7,174.4,170,171.5,46787,8068217.6
1535414400,8/28/2018,MONAJPY,174,175.2,171,173.7,39993,6931139.5
1535328000,8/27/2018,MONAJPY,173.7,175.5,164.6,174,59963,10273503.9
1535241600,8/26/2018,MONAJPY,174.9,176,171.1,173.7,20766,3595118.1
1535155200,8/25/2018,MONAJPY,175.7,177.9,172.5,174.9,26584,4647564.6
1535068800,8/24/2018,MONAJPY,174.9,176,171.1,175.7,29989,5217215.2
1534982400,8/23/2018,MONAJPY,171.5,175,171.2,174.9,17968,3113556.8
1534896000,8/22/2018,MONAJPY,173.6,180,171,171.5,48807,8571617.1
1534809600,8/21/2018,MONAJPY,170.5,177,170.5,173.6,27221,4738045
1534723200,8/20/2018,MONAJPY,179,183.7,170.5,170.5,39433,6969219.4
1534636800,8/19/2018,MONAJPY,178.9,182.4,174.1,179,46063,8152017.5
1534550400,8/18/2018,MONAJPY,186.4,189,173.1,178.9,61467,11040707.6
1534464000,8/17/2018,MONAJPY,172.6,189.8,172.6,186.4,93775,16786933.3
1534377600,8/16/2018,MONAJPY,172.1,177,169,172.6,69074,11919940.9
1534291200,8/15/2018,MONAJPY,175.4,189.7,170,172.1,117327,20941008.5
1534204800,8/14/2018,MONAJPY,189.7,190.4,165.2,175.4,129912,22573135.6
1534118400,8/13/2018,MONAJPY,195.3,196.1,185.2,189.7,54699,10479515.8
1534032000,8/12/2018,MONAJPY,193.5,198.4,187.1,195.3,61634,11941569.7
1533945600,8/11/2018,MONAJPY,191.6,200,172.2,193.5,140813,25820475.7
1533859200,8/10/2018,MONAJPY,216.1,221.5,186.3,191.6,145067,29834977.7
1533772800,8/9/2018,MONAJPY,164,238,162,216.1,424028,85859776.2
1533686400,8/8/2018,MONAJPY,198.1,199.9,155.2,164,113203,20918141.9
1533600000,8/7/2018,MONAJPY,204,210.9,198,198.1,56225,11484535.3
1533513600,8/6/2018,MONAJPY,207.1,223.3,201,204,76565,16209511.3
1533427200,8/5/2018,MONAJPY,210.3,214.7,199.3,207.1,75648,15481020.3
1533340800,8/4/2018,MONAJPY,216.1,220.8,208.8,210.3,43653,9341779
1533254400,8/3/2018,MONAJPY,220,223.9,210,216.1,59812,13073990.9
1533168000,8/2/2018,MONAJPY,225,231.3,220,220,39220,8836350.9
1533081600,8/1/2018,MONAJPY,229.9,236.8,222.9,225,50070,11317283.1
1532995200,7/31/2018,MONAJPY,240,242,225,229.9,67222,15635434
1532908800,7/30/2018,MONAJPY,246,246,235,240,29613,7131681.4
1532822400,7/29/2018,MONAJPY,241.8,246.1,240.9,246,30503,7437517.2
1532736000,7/28/2018,MONAJPY,244.3,244.6,239,241.8,26214,6343332.3
1532649600,7/27/2018,MONAJPY,244.8,246.4,235.8,244.3,46485,11274069.1
1532563200,7/26/2018,MONAJPY,246.2,248.1,242,244.8,37119,9139847.6
1532476800,7/25/2018,MONAJPY,247.4,253.6,245.1,246.2,55502,13808175.7
1532390400,7/24/2018,MONAJPY,247.6,251.9,242.1,247.4,88646,21876071.8
1532304000,7/23/2018,MONAJPY,243.1,252.1,242.4,247.6,55967,13872384.5
1532217600,7/22/2018,MONAJPY,246.3,248,242.1,243.1,37364,9190181.8
1532131200,7/21/2018,MONAJPY,246.9,250.5,241.4,246.3,50573,12432898.2
1532044800,7/20/2018,MONAJPY,262.8,263.9,245.5,246.9,66418,16860149.1
1531958400,7/19/2018,MONAJPY,262.7,267.5,257.1,262.8,42731,11217900.6
1531872000,7/18/2018,MONAJPY,260.8,277,259.3,262.7,134371,36019458.2
1531785600,7/17/2018,MONAJPY,255.9,265.2,244.8,260.8,115869,29505024.8
1531699200,7/16/2018,MONAJPY,244.5,255.9,242,255.9,72619,17963350.6
1531612800,7/15/2018,MONAJPY,239.3,249.9,236,244.5,63079,15331876.8
1531526400,7/14/2018,MONAJPY,232.9,239.6,230.1,239.3,37657,8843395.8
1531440000,7/13/2018,MONAJPY,227.8,239.8,226.6,232.9,65797,15338102.7
1531353600,7/12/2018,MONAJPY,236.5,238.5,222.5,227.8,51807,11957874.3
1531267200,7/11/2018,MONAJPY,233,240.4,232.7,236.5,54086,12764895.1
1531180800,7/10/2018,MONAJPY,250.6,256,231,233,65456,15775122.9
1531094400,7/9/2018,MONAJPY,258.7,259.5,250,250.6,43111,10954723.3
1531008000,7/8/2018,MONAJPY,260.4,263,256.1,258.7,46866,12162514.8
1530921600,7/7/2018,MONAJPY,262.5,263.2,251.1,260.4,39838,10255268.7
1530835200,7/6/2018,MONAJPY,263.9,271,251.4,262.5,76513,19859120.1
1530748800,7/5/2018,MONAJPY,271,277.9,260,263.9,65459,17687317.5
1530662400,7/4/2018,MONAJPY,269.6,283.3,257,271,127363,34465242.8
1530576000,7/3/2018,MONAJPY,253.2,294,251,269.6,208948,56951968.6
1530489600,7/2/2018,MONAJPY,236,269.9,231.1,253.2,111983,27485010.6
1530403200,7/1/2018,MONAJPY,236,239,225.9,236,48289,11223007.2
1530316800,6/30/2018,MONAJPY,226.1,249,225,236,141944,33817978.7
1530230400,6/29/2018,MONAJPY,221.5,238.3,211,226.1,94945,20763482.1
1530144000,6/28/2018,MONAJPY,231.3,235.2,221.1,221.5,57385,13117190
1530057600,6/27/2018,MONAJPY,237.7,239.9,225,231.3,57852,13532993.6
1529971200,6/26/2018,MONAJPY,238.3,249,235,237.7,68026,16449708.9
1529884800,6/25/2018,MONAJPY,232.8,248.8,231.1,238.3,77416,18533954.8
1529798400,6/24/2018,MONAJPY,252,255,222,232.8,143338,33804062.1
1529712000,6/23/2018,MONAJPY,264,268.2,250,252,47881,12308177
1529625600,6/22/2018,MONAJPY,291.2,292.6,256.2,264,106542,29016036.7
1529539200,6/21/2018,MONAJPY,295.6,298.9,290,291.2,29542,8688029.7
1529452800,6/20/2018,MONAJPY,297.3,300,292.1,295.6,29796,8784596.7
1529366400,6/19/2018,MONAJPY,294.5,300,291,297.3,47586,14000726.8
1529280000,6/18/2018,MONAJPY,298,302,290,294.5,49239,14439807.1
1529193600,6/17/2018,MONAJPY,298,304.7,291.5,298,30846,9199543.9
1529107200,6/16/2018,MONAJPY,297,304.2,294,298,31462,9408973.6
1529020800,6/15/2018,MONAJPY,311,311.5,295.7,297,39273,11977555.7
1528934400,6/14/2018,MONAJPY,290.9,312.8,288.6,311,70634,21430650.4
1528848000,6/13/2018,MONAJPY,324.8,324.9,288,290.9,100670,30595607.2
1528761600,6/12/2018,MONAJPY,329.5,339.6,319,324.8,40804,13373487.1
1528675200,6/11/2018,MONAJPY,324.6,339.8,315,329.5,67630,22229686.2
1528588800,6/10/2018,MONAJPY,359.1,360.8,316,324.6,91449,31121496.8
1528502400,6/9/2018,MONAJPY,361,364.9,359.1,359.1,22055,7970670.4
1528416000,6/8/2018,MONAJPY,366,366.7,360.3,361,19772,7165338.7
1528329600,6/7/2018,MONAJPY,363.9,368.5,362.6,366,42810,15642488.7
1528243200,6/6/2018,MONAJPY,366.5,368.8,362,363.9,37916,13849579.7
1528156800,6/5/2018,MONAJPY,364.2,370,361.1,366.5,45295,16507229.9
1528070400,6/4/2018,MONAJPY,373.9,384,363.3,364.2,75270,28022788.1
1527984000,6/3/2018,MONAJPY,369.6,378.3,369.6,373.9,51731,19355667.1
1527897600,6/2/2018,MONAJPY,368.8,375.2,367.3,369.6,46969,17426221.2
1527811200,6/1/2018,MONAJPY,370,370,365,368.8,32518,11966559
1527724800,5/31/2018,MONAJPY,363.7,370.9,361,370,65460,23968284.3
1527638400,5/30/2018,MONAJPY,369.9,374.5,360.1,363.7,87150,32153378.6
1527552000,5/29/2018,MONAJPY,377.5,385,366.2,369.9,78084,29023135.3
1527465600,5/28/2018,MONAJPY,373.1,389.7,371,377.5,82670,31383238.7
1527379200,5/27/2018,MONAJPY,372.4,376,368,373.1,40327,15004724.8
1527292800,5/26/2018,MONAJPY,369.1,377,366.9,372.4,33723,12573075.9
1527206400,5/25/2018,MONAJPY,375.2,383.4,366.1,369.1,104150,38963527.8
1527120000,5/24/2018,MONAJPY,372.1,387.8,363.5,375.2,69181,25825165.8
1527033600,5/23/2018,MONAJPY,377.2,399.9,363.5,372.1,107871,40806448.1
1526947200,5/22/2018,MONAJPY,396.9,399,375.5,377.2,45359,17576902.8
1526860800,5/21/2018,MONAJPY,406,408.6,390,396.9,44649,17920699.6
1526774400,5/20/2018,MONAJPY,400,410,395,406,72075,29007728.8
1526688000,5/19/2018,MONAJPY,412,417.6,396,400,94987,38889366.8
1526601600,5/18/2018,MONAJPY,370.1,440,370.1,412,291965,117069532.8
1526515200,5/17/2018,MONAJPY,417.5,423.6,365.2,370.1,207677,81595284.8
1526428800,5/16/2018,MONAJPY,440.5,445,403.3,417.5,91276,38452883
1526342400,5/15/2018,MONAJPY,450,457.9,440.5,440.5,67844,30462849.2
1526256000,5/14/2018,MONAJPY,465.8,472,436.5,450,112827,51068789.2
1526169600,5/13/2018,MONAJPY,438,475,430.6,465.8,73618,33016151.6
1526083200,5/12/2018,MONAJPY,421.3,458,415.4,438,113141,49256113.9
1525996800,5/11/2018,MONAJPY,472.1,482,410.2,421.3,178012,79534918.3
1525910400,5/10/2018,MONAJPY,498.2,504,470,472.1,94013,45913801.9
1525824000,5/9/2018,MONAJPY,493.8,510,468.6,498.2,113067,55631555
1525737600,5/8/2018,MONAJPY,497.7,544,488,493.8,205318,105648093.5
1525651200,5/7/2018,MONAJPY,540,544,477,497.7,237582,117701968.7
1525564800,5/6/2018,MONAJPY,566,567.9,524,540,135461,73989462.3
1525478400,5/5/2018,MONAJPY,561.1,572,560,566,112376,63550336
1525392000,5/4/2018,MONAJPY,575.4,576.5,560,561.1,74057,41875730.1
1525305600,5/3/2018,MONAJPY,568.1,578,562,575.4,127484,72735613.4
1525219200,5/2/2018,MONAJPY,556.1,579.9,553,568.1,159272,90314074.7
1525132800,5/1/2018,MONAJPY,574.8,579.2,535,556.1,157671,86583593.5
1525046400,4/30/2018,MONAJPY,586,598,563,574.8,162644,93662711.9
1524960000,4/29/2018,MONAJPY,595,603,550,586,205170,118459549.9
1524873600,4/28/2018,MONAJPY,611.3,615.7,565,595,308232,183247321.9
1524787200,4/27/2018,MONAJPY,554.5,649.3,554.5,611.3,752341,463820108.6
1524700800,4/26/2018,MONAJPY,473.4,588,470.9,554.5,782689,423300902.1
1524614400,4/25/2018,MONAJPY,497,510,433.7,473.4,451587,215920953.7
1524528000,4/24/2018,MONAJPY,439.5,497,437.9,497,169959,77577404.2
1524441600,4/23/2018,MONAJPY,430,441.3,430,439.5,63796,27864978.6
1524355200,4/22/2018,MONAJPY,428.6,444,425.1,430,60531,26266879.5
1524268800,4/21/2018,MONAJPY,452.2,454.3,408,428.6,173069,75032730.3
1524182400,4/20/2018,MONAJPY,436.6,468,417.2,452.2,201872,88735052.2
1524096000,4/19/2018,MONAJPY,404.8,441.2,396.6,436.6,244846,102392638
1524009600,4/18/2018,MONAJPY,374,404.9,372.5,404.8,91833,35964100.6
1523923200,4/17/2018,MONAJPY,383.9,390,360.6,374,72873,27424056.7
1523836800,4/16/2018,MONAJPY,406,408.9,378,383.9,80830,31605232.9
1523750400,4/15/2018,MONAJPY,387.7,408.2,384.4,406,97108,38314152.8
1523664000,4/14/2018,MONAJPY,382.6,392.4,380,387.7,57851,22338699.8
1523577600,4/13/2018,MONAJPY,397.8,430,375.5,382.6,182186,72069266.8
1523491200,4/12/2018,MONAJPY,358.3,397.9,348,397.8,98589,36342297.8
1523404800,4/11/2018,MONAJPY,350.6,359.8,350,358.3,38136,13522925
1523318400,4/10/2018,MONAJPY,348.8,354.4,341,350.6,41366,14419552.8
1523232000,4/9/2018,MONAJPY,352.5,364.9,340.5,348.8,88400,31131960
1523145600,4/8/2018,MONAJPY,352.6,354.5,348.5,352.5,66043,23190778.4
1523059200,4/7/2018,MONAJPY,348,354,346,352.6,55548,19463907.2
1522972800,4/6/2018,MONAJPY,350.5,360,344,348,59762,20962379.5
1522886400,4/5/2018,MONAJPY,341,361.9,333.5,350.5,84487,29255869.1
1522800000,4/4/2018,MONAJPY,381.9,386.8,331,341,138628,48922344.9
1522713600,4/3/2018,MONAJPY,349,398.2,348.7,381.9,266170,99984148.8
1522627200,4/2/2018,MONAJPY,327.8,359,323.8,349,89983,30594000.7
1522540800,4/1/2018,MONAJPY,335.9,339.4,311,327.8,84400,27340863.6
1522454400,3/31/2018,MONAJPY,333.1,354.6,329.3,335.9,84576,28808235.9
1522368000,3/30/2018,MONAJPY,328,369.9,309.1,333.1,197776,65979582.8
1522281600,3/29/2018,MONAJPY,370,372.5,321,328,144912,50292348.1
1522195200,3/28/2018,MONAJPY,365.6,378.9,350.1,370,93635,34413684.8
1522108800,3/27/2018,MONAJPY,375.4,379.8,358.7,365.6,74782,27408843.7
1522022400,3/26/2018,MONAJPY,384.9,390,350,375.4,160570,60539888.5
1521936000,3/25/2018,MONAJPY,386.1,398,380,384.9,82180,31751235.3
1521849600,3/24/2018,MONAJPY,402,410,385,386.1,73275,29120882.9
1521763200,3/23/2018,MONAJPY,401.1,407,375.7,402,93285,36498514.9
1521676800,3/22/2018,MONAJPY,421,429.8,390,401.1,82458,33734468.6
1521590400,3/21/2018,MONAJPY,438,440.2,417,421,85612,36794224.3
1521504000,3/20/2018,MONAJPY,444.8,449.5,406.1,438,187821,80157180.2
1521417600,3/19/2018,MONAJPY,390.8,450,388,444.8,242976,102049880.9
1521331200,3/18/2018,MONAJPY,374,398,308,390.8,272545,93630359.4
1521244800,3/17/2018,MONAJPY,405.1,414,371,374,118736,46595967.6
1521158400,3/16/2018,MONAJPY,413.8,423.9,397,405.1,134920,55252689.8
1521072000,3/15/2018,MONAJPY,423,429.9,390,413.8,159656,65525597.6
1520985600,3/14/2018,MONAJPY,454,469,412.3,423,157181,70424976.6
1520899200,3/13/2018,MONAJPY,447.1,464,446,454,99697,45329735.3
1520812800,3/12/2018,MONAJPY,444.3,469,441.1,447.1,158735,72247733.3
1520726400,3/11/2018,MONAJPY,439.9,451,430,444.3,129846,57109090.3
1520640000,3/10/2018,MONAJPY,457.5,474.9,438,439.9,143896,66004148.6
1520553600,3/9/2018,MONAJPY,466.3,483,410,457.5,299080,131621601.6
1520467200,3/8/2018,MONAJPY,454,509,450.1,466.3,249958,118127424.2
1520380800,3/7/2018,MONAJPY,534.8,546.9,450,454,240912,119757785.9
1520294400,3/6/2018,MONAJPY,571,573.3,530.3,534.8,156696,86717770.1
1520208000,3/5/2018,MONAJPY,590,597.8,567,571,136730,79196030.2
1520121600,3/4/2018,MONAJPY,573.6,590,558,590,156808,90098897.5
1520035200,3/3/2018,MONAJPY,577,594.9,566,573.6,130218,74984842.9
1519948800,3/2/2018,MONAJPY,588,592,575,577,97968,57210424.1
1519862400,3/1/2018,MONAJPY,582.9,591.5,578,588,77558,45374213.2
1519776000,2/28/2018,MONAJPY,595.8,615,581,582.9,130130,77826888
1519689600,2/27/2018,MONAJPY,602.5,618,590,595.8,156441,94369643.4
1519603200,2/26/2018,MONAJPY,587,613.8,566.5,602.5,161756,95573959.6
1519516800,2/25/2018,MONAJPY,599.6,600.5,551,587,172861,100278840.2
1519430400,2/24/2018,MONAJPY,609.5,618,580.1,599.6,183810,111252207.2
1519344000,2/23/2018,MONAJPY,580,627.2,550,609.5,247628,146749258.4
1519257600,2/22/2018,MONAJPY,603,635,540,580,247254,146046596.1
1519171200,2/21/2018,MONAJPY,635,650,560,603,307849,187042939.4
1519084800,2/20/2018,MONAJPY,674,687.8,630,635,221412,146484771.4
1518998400,2/19/2018,MONAJPY,605,685,589,674,334496,214578470.5
1518912000,2/18/2018,MONAJPY,704,705.1,580,605,533294,344345044.4
1518825600,2/17/2018,MONAJPY,735,740,663,704,582175,408862868.8
1518739200,2/16/2018,MONAJPY,552,735,548,735,908388,565534485.2
1518652800,2/15/2018,MONAJPY,513.2,560,502,552,616626,331144102.4
1518566400,2/14/2018,MONAJPY,451.7,519,451.5,513.2,349857,166936431.7
1518480000,2/13/2018,MONAJPY,484.9,489,441,451.7,285204,132019510.9
1518393600,2/12/2018,MONAJPY,422.1,488,422,484.9,320674,147217095.2
1518307200,2/11/2018,MONAJPY,470,471.5,415,422.1,261687,113474552.5
1518220800,2/10/2018,MONAJPY,443,500,433,470,477612,225114328
1518134400,2/9/2018,MONAJPY,404,448.9,390,443,290635,120298992.2
1518048000,2/8/2018,MONAJPY,373,429,371,404,419610,170410422.4
1517961600,2/7/2018,MONAJPY,412,428.9,373,373,418864,169614810.1
1517875200,2/6/2018,MONAJPY,354.1,430,334.4,412,424786,162277135.8
1517788800,2/5/2018,MONAJPY,424,445,351.2,354.1,366973,148311053.8
1517702400,2/4/2018,MONAJPY,485,497,405,424,312624,140955396
1517616000,2/3/2018,MONAJPY,457,520,415,485,508220,238673981.8
1517529600,2/2/2018,MONAJPY,371,539.9,310,457,781504,306307806.7
1517443200,2/1/2018,MONAJPY,533,545,350,371,786445,374184548.1
1517356800,1/31/2018,MONAJPY,540,555.4,511,533,498433,265956654.6
1517270400,1/30/2018,MONAJPY,623,628.5,539,540,231975,136445195.8
1517184000,1/29/2018,MONAJPY,679.1,690,613,623,178940,115753077.4
1517097600,1/28/2018,MONAJPY,687.1,697,641.1,679.1,190405,128310765.5
1517011200,1/27/2018,MONAJPY,584.6,695,580,687.1,264892,167842862.3
1516924800,1/26/2018,MONAJPY,679.1,700,520,584.6,431383,262500548.5
1516838400,1/25/2018,MONAJPY,688,713,675.1,679.1,152019,104475264.4
1516752000,1/24/2018,MONAJPY,680.5,710,661,688,192397,131482642.8
1516665600,1/23/2018,MONAJPY,715,803,620,680.5,419489,301203660.5
1516579200,1/22/2018,MONAJPY,781.3,798,665,715,300646,219325039.4
1516492800,1/21/2018,MONAJPY,930,933,730,781.3,558720,465592911.2
1516406400,1/20/2018,MONAJPY,690,998,689,930,1558904,1380759262
1516320000,1/19/2018,MONAJPY,710.1,745,660,690,189649,132817554.1
1516233600,1/18/2018,MONAJPY,683.8,805,673.3,710.1,307977,227806453.5
1516147200,1/17/2018,MONAJPY,734,750,515.5,683.8,590233,374173205.8
1516060800,1/16/2018,MONAJPY,1004.6,1020,567,734,435228,355592430
1515974400,1/15/2018,MONAJPY,929.9,1044,916.1,1004.6,264976,258639053.5
1515888000,1/14/2018,MONAJPY,945,949,899,929.9,126449,116412521.4
1515801600,1/13/2018,MONAJPY,926,950.2,910.8,945,118348,110131105.6
1515715200,1/12/2018,MONAJPY,890,950,878,926,177075,163085249.6
1515628800,1/11/2018,MONAJPY,979.9,1020,880,890,222225,210831088.3
1515542400,1/10/2018,MONAJPY,1099.9,1147.9,929,979.9,272826,274014214.3
1515456000,1/9/2018,MONAJPY,1042,1198,1014.1,1099.9,439976,498965103.2
1515369600,1/8/2018,MONAJPY,999,1044,910,1042,330535,317723767.6
1515283200,1/7/2018,MONAJPY,1008,1050,985,999,194963,196003580.3
1515196800,1/6/2018,MONAJPY,949,1099,900.4,1008,480878,475135890.7
1515110400,1/5/2018,MONAJPY,1099,1120,921,949,295700,304755614.8
1515024000,1/4/2018,MONAJPY,1100,1177,1058.7,1099,350369,386493480.7
1514937600,1/3/2018,MONAJPY,1183.1,1235,1094.7,1100,291848,336497999.5
1514851200,1/2/2018,MONAJPY,1179,1298,1150,1183.1,344143,421115749.9
1514764800,1/1/2018,MONAJPY,1170.7,1195,1106.1,1179,171638,196817441.9
1514678400,12/31/2017,MONAJPY,1060,1250,1020,1170.7,469080,517787519.2
1514592000,12/30/2017,MONAJPY,1221.7,1239.9,1030,1060,336553,382770189.6
1514505600,12/29/2017,MONAJPY,1263.3,1319.9,1121.7,1221.7,329598,409264579.5
1514419200,12/28/2017,MONAJPY,1308.8,1317.5,1200,1263.3,154740,191751489
1514332800,12/27/2017,MONAJPY,1341,1395,1293,1308.8,197880,265869275.6
1514246400,12/26/2017,MONAJPY,1299.9,1380,1280,1341,201339,269005844.8
1514160000,12/25/2017,MONAJPY,1220,1388.8,1152.1,1299.9,329893,420456552.2
1514073600,12/24/2017,MONAJPY,1332.8,1340.5,1095,1220,355994,430543188
1513987200,12/23/2017,MONAJPY,1315.2,1450,1222,1332.8,300115,407241023.4
1513900800,12/22/2017,MONAJPY,1705,1705.9,900,1315.2,852478,1136018156
1513814400,12/21/2017,MONAJPY,1725.8,1793,1645,1705,257482,444240266.1
1513728000,12/20/2017,MONAJPY,1681,1960.8,1571.2,1725.8,680777,1202352349
1513641600,12/19/2017,MONAJPY,1680,1777,1600,1681,442006,752992633.1
1513555200,12/18/2017,MONAJPY,1560.1,1798.8,1517,1680,534640,892123767
1513468800,12/17/2017,MONAJPY,1589.5,1645,1475.1,1560.1,327847,509091990.7
1513382400,12/16/2017,MONAJPY,1635,1665,1541.1,1589.5,299727,487561089.5
1513296000,12/15/2017,MONAJPY,1630.3,1680,1601,1635,221072,362355333.6
1513209600,12/14/2017,MONAJPY,1646.1,1733,1605,1630.3,372358,615478953
1513123200,12/13/2017,MONAJPY,1610,1799,1530,1646.1,485079,799538927.4
1513036800,12/12/2017,MONAJPY,1691.8,1759.8,1540.3,1610,517448,858079314.3
1512950400,12/11/2017,MONAJPY,1677.7,1796.8,1611,1691.8,469490,803017387.7
1512864000,12/10/2017,MONAJPY,1572,1877.2,1250,1677.7,1151116,1776636353
1512777600,12/9/2017,MONAJPY,1650,1851.6,1125,1572,1629362,2390857374
1512691200,12/8/2017,MONAJPY,1905,2099,1623,1650,574773,1075849440
1512604800,12/7/2017,MONAJPY,2100.1,2248,1801,1905,521455,1056948022
1512518400,12/6/2017,MONAJPY,1704,2300,1450,2100.1,1382329,2652807887
1512432000,12/5/2017,MONAJPY,987.8,1839.9,979,1704,1954663,2502603379
1512345600,12/4/2017,MONAJPY,827.4,989,825,987.8,1145917,1020178792
1512259200,12/3/2017,MONAJPY,784.9,836,777,827.4,1261029,1021869929
1512172800,12/2/2017,MONAJPY,719.2,790,716.1,784.9,1025942,772520158.7
1512086400,12/1/2017,MONAJPY,713,730,672,719.2,598590,420308617.8
1512000000,11/30/2017,MONAJPY,602.1,765,602,713,1404698,977540922.4
1511913600,11/29/2017,MONAJPY,640,720,561,602.1,2177061,1393569883
1511827200,11/28/2017,MONAJPY,828,933,528,640,5670476,4178513944
1511740800,11/27/2017,MONAJPY,500.2,899.9,500.1,828,3758132,2483950770
1511654400,11/26/2017,MONAJPY,504,516.9,473.2,500.2,867516,430643511.4
1511568000,11/25/2017,MONAJPY,500,537.5,460.3,504,2980311,1499982612
1511481600,11/24/2017,MONAJPY,388,509.9,385.4,500,1405064,610664860.4
1511395200,11/23/2017,MONAJPY,401.8,408,379,388,661093,258725842.6
1511308800,11/22/2017,MONAJPY,331.1,440,330.5,401.8,3194671,1261256617
1511222400,11/21/2017,MONAJPY,332.9,336.9,321,331.1,154765,51276288.2
1511136000,11/20/2017,MONAJPY,342.1,345.2,332,332.9,191805,64932181.5
1511049600,11/19/2017,MONAJPY,345,348.5,336,342.1,231851,79568255.7
1510963200,11/18/2017,MONAJPY,331.5,347.5,325,345,182344,61072195.5
1510876800,11/17/2017,MONAJPY,338,342,326.7,331.5,219830,73587554.7
1510790400,11/16/2017,MONAJPY,345.8,355,335,338,364352,124975624.1
1510704000,11/15/2017,MONAJPY,333,360.9,330.1,345.8,629014,218392433.1
1510617600,11/14/2017,MONAJPY,327.7,334.8,319,333,216121,70951769.9
1510531200,11/13/2017,MONAJPY,311.4,349.9,302.3,327.7,838979,279018782.7
1510444800,11/12/2017,MONAJPY,299.8,338,250.1,311.4,646429,191201643.9
1510358400,11/11/2017,MONAJPY,299.6,311,292.8,299.8,317880,95149125.2
1510272000,11/10/2017,MONAJPY,336.1,342.8,295,299.6,400246,126719627.1
1510185600,11/9/2017,MONAJPY,323.7,349.5,320.5,336.1,647680,218119028.3
1510099200,11/8/2017,MONAJPY,300.3,335.1,295.1,323.7,443994,138927853.4
1510012800,11/7/2017,MONAJPY,302,310,300,300.3,156390,47630137.7
1509926400,11/6/2017,MONAJPY,289.2,320,288,302,475710,144564911.6
1509840000,11/5/2017,MONAJPY,295.9,297.2,281.9,289.2,297851,86612495.3
1509753600,11/4/2017,MONAJPY,298,309.4,291,295.9,344979,102992341
1509667200,11/3/2017,MONAJPY,308.9,311.9,280,298,385637,114452961.8
1509580800,11/2/2017,MONAJPY,302,339.6,288,308.9,783816,240903640.6
1509494400,11/1/2017,MONAJPY,334,343,301,302,489273,159571232.6
1509408000,10/31/2017,MONAJPY,348,359,334,334,379822,132437699.3
1509321600,10/30/2017,MONAJPY,326,369.9,318.5,348,1080315,376362568.3
1509235200,10/29/2017,MONAJPY,357.1,357.3,317.5,326,1460852,489315236.7
1509148800,10/28/2017,MONAJPY,384.3,388.8,338,357.1,848784,306196989.6
1509062400,10/27/2017,MONAJPY,389.6,410,378.5,384.3,611632,237847445.5
1508976000,10/26/2017,MONAJPY,432.8,435.4,380.1,389.6,1341882,540025765.7
1508889600,10/25/2017,MONAJPY,439.9,458.7,401.1,432.8,1942964,834170036.3
1508803200,10/24/2017,MONAJPY,325.3,478,315.3,439.9,4421031,1760639007
1508716800,10/23/2017,MONAJPY,346.6,353.5,313.3,325.3,948658,315218371.8
1508630400,10/22/2017,MONAJPY,313.9,365.2,310,346.6,1683606,564976160.9
1508544000,10/21/2017,MONAJPY,326.3,339.8,288.1,313.9,1078412,335049810.9
1508457600,10/20/2017,MONAJPY,366.1,366.2,310.6,326.3,1438020,481490404.4
1508371200,10/19/2017,MONAJPY,313.6,398,299.1,366.1,3205029,1154385828
1508284800,10/18/2017,MONAJPY,329.7,356.7,250,313.6,2393279,718860749.9
1508198400,10/17/2017,MONAJPY,395,399,326.8,329.7,1404388,507984885.3
1508112000,10/16/2017,MONAJPY,489.1,499.9,340,395,3715830,1473941778
1508025600,10/15/2017,MONAJPY,464,498,279.4,489.1,5319393,1937658655
1507939200,10/14/2017,MONAJPY,538.9,670,370,464,5780540,2973003024
1507852800,10/13/2017,MONAJPY,399.5,728,362,538.9,8303286,4043233536
1507766400,10/12/2017,MONAJPY,169,399.5,142.6,399.5,15251788,3729251781
1507680000,10/11/2017,MONAJPY,86.6,188,85,169,8333823,957889836.1
1507593600,10/10/2017,MONAJPY,78.1,88.5,77.4,86.6,1720592,143112587.3
1507507200,10/9/2017,MONAJPY,73.3,88.8,73,78.1,2600618,209782470.5
1507420800,10/8/2017,MONAJPY,89,93.2,72,73.3,3457499,291566889
1507334400,10/7/2017,MONAJPY,59,98.6,58.7,89,9681955,795040588
1507248000,10/6/2017,MONAJPY,52.9,61,52.3,59,1920001,110943539
1507161600,10/5/2017,MONAJPY,51.8,53,50.5,52.9,201871,10487327.7
1507075200,10/4/2017,MONAJPY,51.5,53.1,49.6,51.8,462894,23775843.9
1506988800,10/3/2017,MONAJPY,54.3,54.9,48.8,51.5,614249,31563390.5
1506902400,10/2/2017,MONAJPY,50.3,67,49.6,54.3,3067344,182515587.6
1506816000,10/1/2017,MONAJPY,52.4,52.4,48.5,50.3,268977,13467839.9
1506729600,9/30/2017,MONAJPY,49.5,54,49.1,52.4,147101,7666917
1506643200,9/29/2017,MONAJPY,49.7,50.1,49,49.5,106592,5276366.6
1506556800,9/28/2017,MONAJPY,52,52.2,49.7,49.7,211190,10780290.9
1506470400,9/27/2017,MONAJPY,50.3,52.1,48.4,52,274372,13764758.1
1506384000,9/26/2017,MONAJPY,51.5,51.8,50.2,50.3,108787,5546399.5
1506297600,9/25/2017,MONAJPY,51.6,52.2,51,51.5,125909,6481673.3
1506211200,9/24/2017,MONAJPY,52.8,53.3,51.2,51.6,107139,5582614.9
1506124800,9/23/2017,MONAJPY,50.6,52.9,50,52.8,192351,9944714.1
1506038400,9/22/2017,MONAJPY,51.6,52.2,50,50.6,130279,6630076.9
1505952000,9/21/2017,MONAJPY,53,54.9,50.7,51.6,227876,12084738.6
1505865600,9/20/2017,MONAJPY,51.1,55,49.8,53,305405,16125540.2
1505779200,9/19/2017,MONAJPY,50.6,52.3,49.2,51.1,205842,10409631.9
1505692800,9/18/2017,MONAJPY,47.4,52,46.3,50.6,356006,17594600.1
1505606400,9/17/2017,MONAJPY,46.9,48.4,44.7,47.4,180434,8362783.3
1505520000,9/16/2017,MONAJPY,47.3,51.7,44.8,46.9,451539,21328510.1
1505433600,9/15/2017,MONAJPY,38,49.7,35.5,47.3,932036,39332179.4
1505347200,9/14/2017,MONAJPY,53.3,53.8,37,38,946386,43867991.3
1505260800,9/13/2017,MONAJPY,56.1,56.1,50.7,53.3,333995,17634472.2
1505174400,9/12/2017,MONAJPY,55.5,57.8,55.1,56.1,200655,11367187.8
1505088000,9/11/2017,MONAJPY,54.1,57,54,55.5,245928,13562616.8
1505001600,9/10/2017,MONAJPY,56.2,56.2,51,54.1,494136,26357750.3
1504915200,9/9/2017,MONAJPY,57.6,57.8,54.1,56.2,312113,17358755.9
1504828800,9/8/2017,MONAJPY,61.3,61.3,55.2,57.6,352208,20398659.7
1504742400,9/7/2017,MONAJPY,63.5,63.8,58,61.3,448559,27771872.4
1504656000,9/6/2017,MONAJPY,57.5,64.4,57,63.5,771061,47148364.6
1504569600,9/5/2017,MONAJPY,60.5,60.7,52.5,57.5,900401,51321522.5
1504483200,9/4/2017,MONAJPY,59.8,69,58,60.5,2189295,137394137.4
1504396800,9/3/2017,MONAJPY,57.1,59.9,56.9,59.8,507478,29607404.2
1504310400,9/2/2017,MONAJPY,57.5,58.2,54,57.1,388885,21947519.6
1504224000,9/1/2017,MONAJPY,54.1,59.4,53.5,57.5,454243,25183839.3
1504137600,8/31/2017,MONAJPY,52.5,54.8,51.5,54.1,421198,22574191.4
1504051200,8/30/2017,MONAJPY,52.4,54.8,51.3,52.5,380616,20133389.2
1503964800,8/29/2017,MONAJPY,53,53.8,49.7,52.4,501134,25573086.5
1503878400,8/28/2017,MONAJPY,55.4,58,49.3,53,623913,33018106.6
1503792000,8/27/2017,MONAJPY,54.5,63.2,52.4,55.4,1168514,67711840.7
1503705600,8/26/2017,MONAJPY,47,57.1,46.5,54.5,1750397,91568716.2
1503619200,8/25/2017,MONAJPY,45.6,48.5,45.4,47,402956,19104346.9
1503532800,8/24/2017,MONAJPY,45,46.3,45,45.6,217066,9857953.4
1503446400,8/23/2017,MONAJPY,46.3,46.5,44,45,216050,9768203
1503360000,8/22/2017,MONAJPY,48,49.6,45.2,46.3,626298,29774421.7
1503273600,8/21/2017,MONAJPY,43,50,42.5,48,1176305,54740594.8
1503187200,8/20/2017,MONAJPY,42.4,45,41.9,43,448233,19147114.3
1503100800,8/19/2017,MONAJPY,41,46.5,40.2,42.4,1055351,45221315.6
1503014400,8/18/2017,MONAJPY,42.7,44,40.5,41,388536,16426982.8
1502928000,8/17/2017,MONAJPY,46.1,46.5,41.3,42.7,447608,19399535.8
1502841600,8/16/2017,MONAJPY,43.5,46.8,43.4,46.1,450651,20219093.7
1502755200,8/15/2017,MONAJPY,41.6,43.6,40.3,43.5,283279,11839800.7
1502668800,8/14/2017,MONAJPY,44,44.4,40.2,41.6,348534,14455636.5
1502582400,8/13/2017,MONAJPY,41.2,49.8,40.5,44,727917,32266633.6
1502496000,8/12/2017,MONAJPY,45.1,45.1,40.5,41.2,435506,18631942.6
1502409600,8/11/2017,MONAJPY,46.6,47.3,44.7,45.1,245639,11299307.9
1502323200,8/10/2017,MONAJPY,48.8,49.1,46,46.6,306060,14461302.6
1502236800,8/9/2017,MONAJPY,46.4,54.2,46.3,48.8,617170,30925362.6
1502150400,8/8/2017,MONAJPY,47.8,49.1,45,46.4,565254,26254407.5
1502064000,8/7/2017,MONAJPY,53.3,54,47.2,47.8,734649,37308566.2
1501977600,8/6/2017,MONAJPY,53.8,54.3,53.2,53.3,184184,9872707.1
1501891200,8/5/2017,MONAJPY,54.1,55.2,53.1,53.8,300546,16279306.8
1501804800,8/4/2017,MONAJPY,54.4,55.9,53.8,54.1,168917,9187033.7
1501718400,8/3/2017,MONAJPY,53.5,55.3,52.2,54.4,215199,11578225
1501632000,8/2/2017,MONAJPY,58.6,58.6,53.2,53.5,396238,22285345.3
1501545600,8/1/2017,MONAJPY,54.5,60.8,53.5,58.6,670092,38208494.8
1501459200,7/31/2017,MONAJPY,53.4,54.5,52.5,54.5,271221,14566994.1
1501372800,7/30/2017,MONAJPY,55.1,55.5,52.4,53.4,195060,10563020.7
1501286400,7/29/2017,MONAJPY,54.8,55.8,51.8,55.1,836452,45462409
1501200000,7/28/2017,MONAJPY,56.1,57.9,54,54.8,341482,19260291.3
1501113600,7/27/2017,MONAJPY,54.9,58.7,54.2,56.1,389479,21698067.3
1501027200,7/26/2017,MONAJPY,57.5,60.4,53.1,54.9,381721,21679173.5
1500940800,7/25/2017,MONAJPY,65,65.4,56.7,57.5,1115344,67077464.6
1500854400,7/24/2017,MONAJPY,66.2,67.9,64.4,65,257358,16822752.9
1500768000,7/23/2017,MONAJPY,66.5,69.6,61.3,66.2,926643,61110745
1500681600,7/22/2017,MONAJPY,60,68.5,58.5,66.5,1200117,77510927.9
1500595200,7/21/2017,MONAJPY,52.2,64.4,51.5,60,1089129,63048099.8
1500508800,7/20/2017,MONAJPY,47.1,52.7,46.9,52.2,663985,33413228
1500422400,7/19/2017,MONAJPY,51.4,52.8,47,47.1,555604,27854783.9
1500336000,7/18/2017,MONAJPY,53.9,56,49.7,51.4,824871,43220126.4
1500249600,7/17/2017,MONAJPY,45.3,53.9,44,53.9,1025885,49948803.1
1500163200,7/16/2017,MONAJPY,48,59,41,45.3,2255100,111846157
1500076800,7/15/2017,MONAJPY,52.9,53.2,40.3,48,2170342,99679810.5
1499990400,7/14/2017,MONAJPY,65.4,65.7,51,52.9,1137326,65213316.8
1499904000,7/13/2017,MONAJPY,64.6,72,63.1,65.4,764330,51544842.5
1499817600,7/12/2017,MONAJPY,59.5,65.9,57.4,64.6,727675,44795968.6
1499731200,7/11/2017,MONAJPY,70.6,71.6,56.3,59.5,2122897,133728189.9
1499644800,7/10/2017,MONAJPY,82.2,83.3,61.6,70.6,1577566,117056955.8
1499558400,7/9/2017,MONAJPY,83.6,84.7,81.9,82.2,219524,18216311.6
1499472000,7/8/2017,MONAJPY,83.9,86,81.1,83.6,445459,37170357
1499385600,7/7/2017,MONAJPY,89,89.5,80.4,83.9,987123,84735168.6
1499299200,7/6/2017,MONAJPY,88,94.2,85.1,89,1252785,112134755.9
1499212800,7/5/2017,MONAJPY,82.7,88.5,80.4,88,593269,50570410.8
1499126400,7/4/2017,MONAJPY,80.2,84.9,78.1,82.7,404696,32383223.7
1499040000,7/3/2017,MONAJPY,86.4,88.6,77.7,80.2,406286,33520531.1
1498953600,7/2/2017,MONAJPY,90.2,90.5,77,86.4,1423737,119643563.8
1498867200,7/1/2017,MONAJPY,92.5,99.8,87.4,90.2,2581314,245460020.8
1498780800,6/30/2017,MONAJPY,84.1,95.9,81.6,92.5,1117694,99656456.8
1498694400,6/29/2017,MONAJPY,79.2,84.8,79.2,84.1,828669,69255499.6
1498608000,6/28/2017,MONAJPY,77,79.4,76.1,79.2,508195,39720458.8
1498521600,6/27/2017,MONAJPY,74,79.5,70.6,77,1232296,94108891.2
1498435200,6/26/2017,MONAJPY,74.7,78.4,66.2,74,1386046,101009896.6
1498348800,6/25/2017,MONAJPY,74.6,80.8,72.6,74.7,2250245,173716178.2
1498262400,6/24/2017,MONAJPY,73.5,80.2,66,74.6,1755767,129363057.3
1498176000,6/23/2017,MONAJPY,75.3,76.6,66.1,73.5,1721411,123594317.8
1498089600,6/22/2017,MONAJPY,83.7,85.9,68.8,75.3,2076204,161084427.5
1498003200,6/21/2017,MONAJPY,73.5,94,70,83.7,4811738,403033325
1497916800,6/20/2017,MONAJPY,49.8,76,49.8,73.5,5569330,325137704
1497830400,6/19/2017,MONAJPY,42.7,49.9,42.1,49.8,2794147,131826578.6
1497744000,6/18/2017,MONAJPY,42.5,43.1,41.7,42.7,942208,40048564.2
1497657600,6/17/2017,MONAJPY,41,43,40.5,42.5,1839770,77131003.4
1497571200,6/16/2017,MONAJPY,40,41.9,38.9,41,1164659,47006571.4
1497484800,6/15/2017,MONAJPY,41,41.8,34.4,40,721027,26897691.8
1497398400,6/14/2017,MONAJPY,42.9,43.7,39.1,41,477935,20002650
1497312000,6/13/2017,MONAJPY,39.2,43.1,38.9,42.9,428669,17371741.4
1497225600,6/12/2017,MONAJPY,41.3,43.4,38.2,39.2,727453,29856225.6
1497139200,6/11/2017,MONAJPY,43.6,44.4,40,41.3,634761,26449922.1
1497052800,6/10/2017,MONAJPY,39.5,45,39.4,43.6,1074830,45352073.3
1496966400,6/9/2017,MONAJPY,38.1,39.5,37.4,39.5,372822,14318329.9
1496880000,6/8/2017,MONAJPY,39.4,39.8,37,38.1,570076,21962062.6
1496793600,6/7/2017,MONAJPY,37,39.9,36.6,39.4,724648,27832083.4
