open;high;low;close;volume;marketCap;timestamp
3.2068998814;15.992099762;3.0366899967;15.044500351;120043;159292685.494;"2014-02-27T00:00:00.000Z"
24.7425994873;83.0179977417;24.7425994873;59.4838981628;3882110;630569551.116;"2014-03-03T00:00:00.000Z"
19.628200531;31.1026992798;19.192199707;27.8775005341;413099;295753819.252;"2014-03-08T00:00:00.000Z"
27.3208999634;28.2089996338;22.8222999573;25.2541007996;259612;268137326.062;"2014-03-12T00:00:00.000Z"
10.0054998398;14.1899003983;3.9431800842;9.4544000626;433296;100430082.534;"2014-03-17T00:00:00.000Z"
14.6138000488;15.7978000641;13.9017000198;15.3660001755;143778;163301796.216;"2014-03-22T00:00:00.000Z"
6.1036200523;10.1976003647;4.9212498665;7.6564598083;805082;81422248.7035;"2014-03-26T00:00:00.000Z"
2.0046401024;5.4661698341;2.0046401024;3.1774199009;841793;33838890.6934;"2014-03-31T00:00:00.000Z"
2.0585000515;2.3308598995;1.9295899868;2.0874400139;85240.9;22266647.3322;"2014-04-05T00:00:00.000Z"
1.5404700041;1.6630100012;1.2648799419;1.3450100422;136043;14365430.4154;"2014-04-09T00:00:00.000Z"
0.8366879821;0.9281759858;0.6795390248;0.7866790295;60423.3;8416522.07188;"2014-04-14T00:00:00.000Z"
0.9437680244;0.9676420093;0.8978769779;0.9102669954;19007.4;9751133.2876;"2014-04-18T00:00:00.000Z"
0.6703439951;0.7234240174;0.6356779933;0.6574990153;36853;7055335.09944;"2014-04-23T00:00:00.000Z"
0.3797779977;1.2259099483;0.371333003;0.8452240229;125842;9084626.45411;"2014-04-28T00:00:00.000Z"
0.5468400121;0.5614629984;0.5145040154;0.5349100232;9712.64;5756869.38174;"2014-05-02T00:00:00.000Z"
0.4262120128;0.5966439843;0.4260669947;0.4498699903;10843.1;4849644.03687;"2014-05-07T00:00:00.000Z"
0.4227119982;0.4368110001;0.3908169866;0.4021370113;9823.81;4342260.44693;"2014-05-12T00:00:00.000Z"
0.3961670101;0.4052299857;0.3536170125;0.3670429885;3593.98;3968551.86772;"2014-05-16T00:00:00.000Z"
0.3767929971;0.3989729881;0.3574520051;0.374864012;3836.6;4059894.45243;"2014-05-21T00:00:00.000Z"
0.3294369876;0.3402700126;0.2324700058;0.237342;5576.98;2574348.04099;"2014-05-26T00:00:00.000Z"
0.2586989999;0.2685329914;0.2190790027;0.2543079853;4613.89;2760100.34381;"2014-05-30T00:00:00.000Z"
0.230569005;0.2456739992;0.2039290071;0.2064719945;1694.12;2246180.60134;"2014-06-04T00:00:00.000Z"
0.1844410002;0.2468709946;0.1678059995;0.2064740062;14559.3;2249314.95461;"2014-06-08T00:00:00.000Z"
0.1716769934;0.1886080056;0.16866;0.1740259975;896.47;1898763.05483;"2014-06-13T00:00:00.000Z"
0.1641480029;0.1667670012;0.1437979937;0.1468160003;1223.42;1604610.93722;"2014-06-18T00:00:00.000Z"
0.150503993;0.1506630033;0.1293359995;0.1297429949;129.67;1419875.08599;"2014-06-22T00:00:00.000Z"
0.1328449994;0.1501830071;0.1268309951;0.1320170015;937.78;1447185.27192;"2014-06-27T00:00:00.000Z"
0.1519809961;0.3860880136;0.086887002;0.1438550055;9402.95;1579673.62512;"2014-07-02T00:00:00.000Z"
0.1199190021;0.1396649927;0.1119230017;0.1382099986;144.17;1519693.30698;"2014-07-06T00:00:00.000Z"
0.1045219973;0.1101370007;0.1033110023;0.1072470024;904.12;169299.095353;"2014-07-11T00:00:00.000Z"
0.1057450026;0.1092640013;0.0978228971;0.0996555015;886.5;159166.326485;"2014-07-16T00:00:00.000Z"
0.1077559963;0.1100419983;0.1041869968;0.1076690033;564.25;173560.059282;"2014-07-20T00:00:00.000Z"
0.1066109985;0.1079929993;0.101631999;0.1018960029;1494.66;166126.449288;"2014-07-25T00:00:00.000Z"
0.0357155986;0.0491047017;0.0300916992;0.0398528986;2887.57;65534.7261997;"2014-07-29T00:00:00.000Z"
0.0752452984;0.0958648995;0.0726858974;0.0931205973;4046.56;154784.176019;"2014-08-03T00:00:00.000Z"
0.0607873984;0.0701738;0.0587360002;0.0674166977;3658.73;113216.436921;"2014-08-08T00:00:00.000Z"
0.064280197;0.0678493008;0.0597621985;0.0636105984;2601.41;107774.834832;"2014-08-12T00:00:00.000Z"
0.0545101985;0.0546158999;0.0428483002;0.0442962013;859.2;75835.7806796;"2014-08-17T00:00:00.000Z"
0.0400107987;0.0402401015;0.0355786011;0.0373489;1168.39;64584.7633866;"2014-08-22T00:00:00.000Z"
0.0331064984;0.0374144986;0.0319366008;0.0365897007;891.89;63797.9104318;"2014-08-26T00:00:00.000Z"
0.0342404991;0.1077980027;0.0342392996;0.072266303;49311.8;127374.990013;"2014-08-31T00:00:00.000Z"
0.072146602;0.0748965964;0.0682393983;0.0696254969;2182.65;123967.540818;"2014-09-05T00:00:00.000Z"
0.0664845034;0.0685063973;0.0588659011;0.0637999997;3555.07;114474.138451;"2014-09-09T00:00:00.000Z"
0.0449005999;0.0451796018;0.0381916016;0.0403611995;4068.41;73097.2810898;"2014-09-14T00:00:00.000Z"
0.0456514992;0.0516507998;0.0415764004;0.0433796011;1407.86;79234.5959687;"2014-09-18T00:00:00.000Z"
0.0375788994;0.0429770015;0.0375788994;0.0396129005;3019.36;73059.6755139;"2014-09-23T00:00:00.000Z"
0.0376672;0.0378919989;0.0343802013;0.0345043018;1771.1;64276.0072215;"2014-09-28T00:00:00.000Z"
0.0349153988;0.0371574983;0.0349153988;0.0353858992;982.14;66403.9588776;"2014-10-02T00:00:00.000Z"
0.0339550003;0.0353665017;0.0327335;0.0351320989;590.2;66584.2176742;"2014-10-07T00:00:00.000Z"
0.0476348996;0.0526139997;0.0453445986;0.0491974987;1780.12;94154.9377153;"2014-10-12T00:00:00.000Z"
0.0553359985;0.0569121018;0.0498602986;0.0499251001;1351.52;96272.5919455;"2014-10-16T00:00:00.000Z"
0.0440819003;0.0444937982;0.0423595011;0.0428313017;528.32;83332.7054727;"2014-10-21T00:00:00.000Z"
0.0349446014;0.0379284993;0.0347978994;0.0361838005;441.18;71046.0950019;"2014-10-26T00:00:00.000Z"
0.040889401;0.0460088998;0.0405993983;0.0455614999;2411.62;90154.9544891;"2014-10-30T00:00:00.000Z"
0.0369471014;0.0385114998;0.0369465016;0.0380362011;589.46;75926.5499236;"2014-11-04T00:00:00.000Z"
0.0383326001;0.0385921001;0.0375139005;0.0375188999;307.05;75448.7442479;"2014-11-08T00:00:00.000Z"
0.0575255007;0.0607427992;0.0439178012;0.0500256009;3581.9;101524.603645;"2014-11-13T00:00:00.000Z"
0.058360301;0.0598003007;0.0547500998;0.0549420007;1336.53;112503.52429;"2014-11-18T00:00:00.000Z"
0.0409751981;0.0423444994;0.0392454006;0.0397641994;605.4;81978.987838;"2014-11-22T00:00:00.000Z"
0.0336229987;0.0383879989;0.0320198983;0.0320198983;3160.98;66575.071417;"2014-11-27T00:00:00.000Z"
0.0310018994;0.0330738015;0.0307257995;0.0310385991;1508.98;65086.87315;"2014-12-02T00:00:00.000Z"
0.0295008998;0.0315355994;0.0285280999;0.0294748992;813.76;62228.2339699;"2014-12-06T00:00:00.000Z"
0.0284046009;0.0295279007;0.0262601003;0.0283071008;1174.9;60240.4242322;"2014-12-11T00:00:00.000Z"
0.0260570999;0.0266302992;0.0247153006;0.0260518994;725.72;55846.2334075;"2014-12-15T00:00:00.000Z"
0.0239950009;0.0257948004;0.0238476004;0.0244952999;292.2;52950.3385586;"2014-12-20T00:00:00.000Z"
0.0238614008;0.0258508995;0.0231666006;0.0241087992;534.19;52545.2017569;"2014-12-25T00:00:00.000Z"
0.0233859997;0.0255386997;0.0229458008;0.0240071006;1756.75;52674.0499625;"2014-12-29T00:00:00.000Z"
0.0226706006;0.0230298992;0.0206630006;0.0206630006;213.95;45700.9355187;"2015-01-03T00:00:00.000Z"
0.0208819993;0.0211308002;0.0198417995;0.0202303007;846.08;45102.7557624;"2015-01-08T00:00:00.000Z"
0.0191682;0.0202134997;0.0180984996;0.0183355007;752.3;41152.4802713;"2015-01-12T00:00:00.000Z"
0.0145445;0.0149347;0.0133175002;0.0138398996;369.33;31302.6082461;"2015-01-17T00:00:00.000Z"
0.0149659002;0.0159940999;0.0149611002;0.0159571003;135.85;36367.4754416;"2015-01-22T00:00:00.000Z"
0.0170127992;0.0217652991;0.0170127992;0.0195409004;234.6;44810.5175815;"2015-01-26T00:00:00.000Z"
0.0156804007;0.0162445009;0.0147815999;0.0148903998;160.66;34412.5034865;"2015-01-31T00:00:00.000Z"
0.0148954;0.0149737997;0.0142668998;0.0145025002;372.65;33726.3322805;"2015-02-04T00:00:00.000Z"
0.0139605002;0.0143058999;0.0133926002;0.0135823004;171.67;31827.7837989;"2015-02-09T00:00:00.000Z"
0.0159674995;0.0181437004;0.0159112997;0.0176145993;494.78;41590.5453274;"2015-02-14T00:00:00.000Z"
0.0163612999;0.0174155999;0.0160849001;0.0162886996;357.23;38691.0050791;"2015-02-18T00:00:00.000Z"
0.0163895991;0.0178573001;0.0162863992;0.0172511004;289.99;41283.659042;"2015-02-23T00:00:00.000Z"
0.0181779992;0.0184799004;0.0176064;0.0179552995;261.71;43288.4865096;"2015-02-28T00:00:00.000Z"
0.0197259001;0.0199858006;0.0187963005;0.0192521997;152.57;46688.8084937;"2015-03-04T00:00:00.000Z"
0.0186656993;0.0193956997;0.0185397007;0.0185397007;391.21;45308.7648262;"2015-03-09T00:00:00.000Z"
0.0175544005;0.0192061998;0.0173041001;0.0174823999;176.66;42915.4107843;"2015-03-14T00:00:00.000Z"
0.0175656006;0.0177696999;0.0153302997;0.0157859996;282.37;38992.651197;"2015-03-18T00:00:00.000Z"
0.0159281995;0.0169836003;0.0158016998;0.0169511009;904.8;42184.1344166;"2015-03-23T00:00:00.000Z"
0.0216049999;0.0225491002;0.0212612003;0.0215204004;330.5;53874.5027749;"2015-03-27T00:00:00.000Z"
0.0210033003;0.0229637008;0.0209915992;0.0222615004;677.27;56142.456553;"2015-04-01T00:00:00.000Z"
0.0315008014;0.033003401;0.0278974008;0.0318602994;3740.06;80957.1176568;"2015-04-06T00:00:00.000Z"
0.0555276014;0.0596879981;0.037842501;0.0386322998;5949.12;98741.8599065;"2015-04-10T00:00:00.000Z"
0.0368542001;0.0380376987;0.0313616991;0.0313616991;1088.93;80709.4288146;"2015-04-15T00:00:00.000Z"
0.0280335993;0.0311619006;0.0268897004;0.0277555007;585.3;71917.0121776;"2015-04-20T00:00:00.000Z"
0.0389956012;0.0394068994;0.0349777006;0.035365101;1568.85;92156.6937454;"2015-04-24T00:00:00.000Z"
0.0449585989;0.0463966988;0.0426013991;0.0451367013;637.82;303063.511054;"2015-04-29T00:00:00.000Z"
0.0704101995;0.0843186006;0.0672056004;0.0771095008;6187.04;519194.494507;"2015-05-04T00:00:00.000Z"
0.0636729971;0.0680032969;0.0628246963;0.0658932999;1897.46;444609.967503;"2015-05-08T00:00:00.000Z"
0.0648718029;0.0670780987;0.0633129999;0.0640833974;500.36;433570.532848;"2015-05-13T00:00:00.000Z"
0.0629274026;0.064132303;0.0608934984;0.061795;961.93;418925.865277;"2015-05-17T00:00:00.000Z"
0.0592093989;0.0596042983;0.0436007008;0.0452467985;3145.63;307521.422277;"2015-05-22T00:00:00.000Z"
0.0456575006;0.0474007018;0.0442973003;0.0460712984;442.56;313948.113297;"2015-05-27T00:00:00.000Z"
0.0376920998;0.0380985998;0.0337656997;0.0346570984;1316.51;236641.595884;"2015-05-31T00:00:00.000Z"
0.0369439982;0.0372744016;0.0350001007;0.0363323018;452.14;248496.00732;"2015-06-05T00:00:00.000Z"
0.0364345983;0.0378145017;0.0351773016;0.0371943004;233.81;255290.857977;"2015-06-10T00:00:00.000Z"
0.0366622992;0.039208699;0.0361635983;0.0372963995;1342.68;256520.319153;"2015-06-14T00:00:00.000Z"
0.0406568013;0.0406861007;0.0379385985;0.0380631983;202.84;262439.451975;"2015-06-19T00:00:00.000Z"
0.0418146998;0.0421994999;0.0403065011;0.0412705988;485.32;285303.004481;"2015-06-24T00:00:00.000Z"
0.0404922999;0.0414539985;0.0397268012;0.0412027016;239.18;285417.146095;"2015-06-28T00:00:00.000Z"
0.0446674004;0.0448817983;0.0424162;0.0436658002;651.33;303243.552557;"2015-07-03T00:00:00.000Z"
0.0447269008;0.0452103987;0.0434811004;0.0436302982;271.08;303588.753544;"2015-07-07T00:00:00.000Z"
0.0443186983;0.0484048985;0.0442119986;0.0480599999;396.45;335244.172204;"2015-07-12T00:00:00.000Z"
0.0315310992;0.0362835005;0.0283514;0.0309698004;2356.19;216589.128779;"2015-07-17T00:00:00.000Z"
0.0316855982;0.0326822996;0.0287433006;0.0303109996;437.54;212411.430423;"2015-07-21T00:00:00.000Z"
0.0403188989;0.0414986983;0.0388876013;0.0408939011;318.17;287319.38287;"2015-07-26T00:00:00.000Z"
0.0291032009;0.0343298987;0.0289395005;0.0299068;541.5;210645.829361;"2015-07-31T00:00:00.000Z"
0.0269721001;0.0283436999;0.0255127996;0.0259242002;132.98;182954.446277;"2015-08-04T00:00:00.000Z"
0.0230347998;0.0258156005;0.0227339994;0.0238453001;417.34;168721.215603;"2015-08-09T00:00:00.000Z"
0.0227729008;0.0235578995;0.0212865993;0.0213348996;291.69;151256.102678;"2015-08-13T00:00:00.000Z"
0.0225703008;0.0231870003;0.0183160994;0.0183160994;73.67;130178.87234;"2015-08-18T00:00:00.000Z"
0.0219570007;0.0224492997;0.0206998996;0.0209001992;140.21;148936.584367;"2015-08-23T00:00:00.000Z"
0.0206917003;0.0212172996;0.0205655005;0.0206464995;109.36;147451.040294;"2015-08-27T00:00:00.000Z"
0.0219391994;0.0228113998;0.0214441996;0.0215498004;85.52;154236.156796;"2015-09-01T00:00:00.000Z"
0.0211944003;0.0216646995;0.0205137003;0.0208684001;178.67;149754.438311;"2015-09-06T00:00:00.000Z"
0.0202489998;0.0213831998;0.0196080003;0.0201567002;111.72;144935.676391;"2015-09-10T00:00:00.000Z"
0.0185029991;0.0202897005;0.0182170998;0.0182595998;165.89;131625.407018;"2015-09-15T00:00:00.000Z"
0.0174725;0.0184930991;0.0173482001;0.0173943993;274.5;125689.919604;"2015-09-20T00:00:00.000Z"
0.0174687002;0.0186506994;0.0174400993;0.0177082997;169.4;128213.345519;"2015-09-24T00:00:00.000Z"
0.0175767001;0.0207659993;0.0172646996;0.0174831003;322.52;126891.451132;"2015-09-29T00:00:00.000Z"
0.0167829003;0.0173819009;0.0167638008;0.0168590005;113.43;122602.005805;"2015-10-03T00:00:00.000Z"
0.0145771997;0.0148478001;0.0137668001;0.0137699004;443.01;100382.903817;"2015-10-08T00:00:00.000Z"
0.0127507001;0.0133622;0.0125567997;0.0127475001;274.77;93142.3070117;"2015-10-13T00:00:00.000Z"
0.0144264;0.0174067002;0.0140442997;0.0157899;83.56;115617.976915;"2015-10-17T00:00:00.000Z"
0.0158137009;0.0178050995;0.0151351998;0.0160338003;167.35;117694.692632;"2015-10-22T00:00:00.000Z"
0.0194112994;0.0210880004;0.0191894993;0.0198532008;185.84;146098.193329;"2015-10-27T00:00:00.000Z"
0.0219081994;0.0222223997;0.0203745998;0.0207774006;216.78;153193.05154;"2015-10-31T00:00:00.000Z"
0.0258600991;0.0277653001;0.0226932;0.0230992008;203.33;170739.738805;"2015-11-05T00:00:00.000Z"
0.0242868997;0.0252851993;0.0216035005;0.0223705005;398.92;165779.927255;"2015-11-10T00:00:00.000Z"
0.0221274998;0.0225628;0.0212200992;0.0220644008;406.48;163815.464654;"2015-11-14T00:00:00.000Z"
0.0272045992;0.0288737994;0.0251080003;0.0280025005;449.61;208432.385129;"2015-11-19T00:00:00.000Z"
0.0414217003;0.0416714996;0.0364185013;0.0382500999;2935.14;285266.823416;"2015-11-23T00:00:00.000Z"
0.0428013988;0.0435631983;0.0423334017;0.0426118001;434.38;318568.977312;"2015-11-28T00:00:00.000Z"
0.0426695012;0.0479282998;0.0426214002;0.0433178991;496.96;324657.336539;"2015-12-03T00:00:00.000Z"
0.0436131991;0.043936301;0.0380007997;0.0421608016;1195.37;316589.101271;"2015-12-07T00:00:00.000Z"
0.0531027988;0.0552643985;0.0433631986;0.0462990999;1099.59;348512.385644;"2015-12-12T00:00:00.000Z"
0.0498680994;0.0516121984;0.046089001;0.0486366004;1815.92;366971.010073;"2015-12-17T00:00:00.000Z"
0.0428484008;0.0498908982;0.0415253006;0.0420018993;384.42;317520.678515;"2015-12-21T00:00:00.000Z"
0.063548401;0.063562803;0.0391950011;0.0394693986;191.26;299056.65083;"2015-12-26T00:00:00.000Z"
0.0367256999;0.0593140014;0.0367256999;0.0478359982;531.95;362627.33574;"2015-12-31T00:00:00.000Z"
0.0348886997;0.0382109992;0.0348886997;0.0366399996;359.57;277754.527584;"2016-01-04T00:00:00.000Z"
0.0430824012;0.0431667008;0.0375814997;0.0376068987;373.33;286826.759617;"2016-01-09T00:00:00.000Z"
0.0366241001;0.0366241001;0.0349557996;0.0355255008;145.15;271463.548054;"2016-01-13T00:00:00.000Z"
0.0328281;0.0334890001;0.0315758996;0.0334890001;131.18;256502.185042;"2016-01-18T00:00:00.000Z"
0.0321312994;0.0331441015;0.0311609991;0.0312150009;660.55;239629.646242;"2016-01-23T00:00:00.000Z"
0.0326443985;0.0370174013;0.0326319002;0.0370007008;778.15;284574.571772;"2016-01-27T00:00:00.000Z"
0.0324333012;0.0344305001;0.0314439982;0.0344270989;87.84;265388.069956;"2016-02-01T00:00:00.000Z"
0.0368039012;0.0375982001;0.0319628008;0.0351419002;400.06;271553.642747;"2016-02-06T00:00:00.000Z"
0.0385558009;0.0498929992;0.0385312997;0.0454165004;566.54;351639.936999;"2016-02-10T00:00:00.000Z"
0.0504467003;0.0633201003;0.0488635004;0.0523757003;886.53;406401.211601;"2016-02-15T00:00:00.000Z"
0.0699985996;0.0750889033;0.0626787022;0.0626787022;1282.47;487571.128577;"2016-02-20T00:00:00.000Z"
0.0598976985;0.0626258999;0.0582695007;0.0626256987;399.86;488037.955319;"2016-02-24T00:00:00.000Z"
0.0626906008;0.064082697;0.0600005984;0.0623723008;574.87;487247.519855;"2016-02-29T00:00:00.000Z"
0.0669134036;0.0708167031;0.0590302981;0.0623228997;427.78;487752.04936;"2016-03-04T00:00:00.000Z"
0.106013;0.119942002;0.0984444991;0.1121679991;3322.34;880044.512863;"2016-03-09T00:00:00.000Z"
0.0968033969;0.0973972976;0.0887338966;0.0929808989;1317.33;731028.307883;"2016-03-14T00:00:00.000Z"
0.0865184963;0.119990997;0.0865032002;0.1021270007;2995.33;804538.290216;"2016-03-18T00:00:00.000Z"
0.0962812006;0.1050219983;0.0961695984;0.1050219983;1716.32;829185.094403;"2016-03-23T00:00:00.000Z"
0.1023589969;0.1028710008;0.1020350009;0.1022880003;507.09;809477.4801;"2016-03-28T00:00:00.000Z"
0.1202680022;0.1242970005;0.1145910025;0.1178039983;1226.83;934045.431454;"2016-04-01T00:00:00.000Z"
0.2295449972;0.2335029989;0.1853889972;0.195295006;10341.4;1552067.29652;"2016-04-06T00:00:00.000Z"
0.1955689937;0.2322620004;0.1862760037;0.2322620004;3887.57;1850018.30761;"2016-04-11T00:00:00.000Z"
0.2649590075;0.3853389919;0.2645350099;0.327282995;32995.2;2611983.15645;"2016-04-15T00:00:00.000Z"
0.2937659919;0.3128669858;0.2858160138;0.2961449921;5483.44;2368714.78626;"2016-04-20T00:00:00.000Z"
0.3602150083;0.3637920022;0.3018650115;0.3021779954;14082.3;2421283.30741;"2016-04-24T00:00:00.000Z"
0.2270819992;0.2307289988;0.2011249959;0.2023030072;9856.07;1624499.99581;"2016-04-29T00:00:00.000Z"
0.2548350096;0.2827259898;0.2547689974;0.2825320065;4434.91;2274177.52018;"2016-05-04T00:00:00.000Z"
0.2515380085;0.2623809874;0.2297289968;0.2298499942;2833.06;1853421.70915;"2016-05-08T00:00:00.000Z"
0.1879750043;0.215535;0.1877509952;0.2044129968;4558.15;1652014.58613;"2016-05-13T00:00:00.000Z"
0.189181;0.1977989972;0.185337007;0.185337007;2373.16;1501234.63663;"2016-05-18T00:00:00.000Z"
0.1961269975;0.1963340044;0.1847749949;0.1880660057;1559.06;1526173.29377;"2016-05-22T00:00:00.000Z"
0.2061530054;0.2221010029;0.1801539958;0.180666998;4883.49;1469505.02349;"2016-05-27T00:00:00.000Z"
0.1631529927;0.1737080067;0.1602029949;0.1654119939;1943.43;1347881.45617;"2016-05-31T00:00:00.000Z"
0.1997170001;0.2019989938;0.1731269956;0.1786359996;2274.96;1459037.95741;"2016-06-05T00:00:00.000Z"
0.2682830095;0.2808539867;0.2337249964;0.2749060094;5868.55;2250539.72395;"2016-06-10T00:00:00.000Z"
0.2522839904;0.2654779851;0.2291540056;0.2483090013;3741.68;2036556.9523;"2016-06-14T00:00:00.000Z"
0.2075980008;0.2736890018;0.2013999969;0.247081995;9402.69;2031304.76557;"2016-06-19T00:00:00.000Z"
0.1810750067;0.1925079972;0.1749739945;0.1884080023;1211.23;1552696.54233;"2016-06-24T00:00:00.000Z"
0.1528809965;0.1878609955;0.1445749998;0.1510639936;3689.62;1247277.91316;"2016-06-28T00:00:00.000Z"
0.1754560024;0.1789669991;0.1490090042;0.1490090042;2665.25;1233042.26832;"2016-07-03T00:00:00.000Z"
0.1685899943;0.1786870062;0.1648900062;0.1706070006;1644.88;1415007.48631;"2016-07-08T00:00:00.000Z"
0.1584420055;0.1823049933;0.1584420055;0.1718689948;2140;1428071.833;"2016-07-12T00:00:00.000Z"
0.1777299941;0.1853549927;0.1660930067;0.1662030071;2614.92;1384043.28918;"2016-07-17T00:00:00.000Z"
0.1619250029;0.1648949981;0.1590089947;0.1590919942;1248.01;1327196.63371;"2016-07-21T00:00:00.000Z"
0.1461170018;0.1522040069;0.1269530058;0.1385069937;3836.17;1158075.60577;"2016-07-26T00:00:00.000Z"
0.1255020052;0.129599005;0.1188829988;0.1188829988;455.69;996272.130106;"2016-07-31T00:00:00.000Z"
0.117881;0.1227229983;0.1097579971;0.1147340015;755.65;963296.238806;"2016-08-04T00:00:00.000Z"
0.1261399984;0.1359730065;0.1215299964;0.1355189979;1052.4;1140456.30063;"2016-08-09T00:00:00.000Z"
0.125357002;0.1255989969;0.1132680029;0.1153109968;502.64;972727.46168;"2016-08-14T00:00:00.000Z"
0.1034229994;0.1102309972;0.1010110006;0.1012120023;503.43;855420.20476;"2016-08-18T00:00:00.000Z"
0.1112959981;0.1163289994;0.1053159982;0.1055599973;562.52;894271.769093;"2016-08-23T00:00:00.000Z"
0.0967148021;0.1270319968;0.0964396968;0.1270319968;1615.62;1078687.9897;"2016-08-28T00:00:00.000Z"
0.1060530022;0.1267579943;0.1060530022;0.1256410033;1686.91;1068845.46818;"2016-09-01T00:00:00.000Z"
0.1267369986;0.1449549943;0.1263680011;0.1392990053;730.62;1187830.66069;"2016-09-06T00:00:00.000Z"
0.1309999973;0.1365450025;0.1108570024;0.1108570024;2065.49;947059.015206;"2016-09-10T00:00:00.000Z"
0.1237599999;0.1393609941;0.1123830006;0.1152739972;2022.45;987137.84837;"2016-09-15T00:00:00.000Z"
0.1340180039;0.1506479979;0.1099710017;0.1101159975;914.95;945221.333776;"2016-09-20T00:00:00.000Z"
0.1072039977;0.1127320006;0.1072039977;0.1115809977;385.49;959558.008145;"2016-09-24T00:00:00.000Z"
0.1111719981;0.1211490035;0.1099670008;0.1139219999;457.61;981949.441348;"2016-09-29T00:00:00.000Z"
0.1208719984;0.1288180053;0.1142179966;0.1288180053;631.26;1112864.06546;"2016-10-04T00:00:00.000Z"
0.1141560003;0.1408859938;0.1140749976;0.1278599948;1281.24;1106611.56772;"2016-10-08T00:00:00.000Z"
0.1176379994;0.1333619952;0.1153969988;0.1252260059;1454.61;1084224.13144;"2016-10-13T00:00:00.000Z"
0.1421760023;0.1518290043;0.1313710064;0.1319189966;1267.92;1142173.05668;"2016-10-18T00:00:00.000Z"
0.1278849989;0.1575749964;0.1278440058;0.1461029947;3784.66;1264980.10218;"2016-10-22T00:00:00.000Z"
0.2314510047;0.2410530001;0.1322930008;0.1393299997;1608.96;1206338.52581;"2016-10-27T00:00:00.000Z"
0.1579349935;0.1610410064;0.1311050057;0.1339309961;10255.8;1159593.23262;"2016-10-31T00:00:00.000Z"
0.1426929981;0.1516939998;0.1346729994;0.1389729977;7724.38;1203247.57014;"2016-11-05T00:00:00.000Z"
0.1338869929;0.1423519999;0.1280979961;0.1386860013;3360.18;1200762.68421;"2016-11-10T00:00:00.000Z"
0.128105998;0.1358619928;0.1272879988;0.1289650053;1297.56;1116596.91367;"2016-11-14T00:00:00.000Z"
0.124090001;0.1314129978;0.1219900027;0.1241839975;716.29;1075202.35046;"2016-11-19T00:00:00.000Z"
0.1257860065;0.1332740039;0.1216460019;0.1262219995;1343.26;1092847.63802;"2016-11-24T00:00:00.000Z"
0.1191029996;0.1297589988;0.118933998;0.1246780008;821.06;1079479.47119;"2016-11-28T00:00:00.000Z"
0.1138259992;0.1216730028;0.1027659997;0.1105279997;2430.57;956966.80242;"2016-12-03T00:00:00.000Z"
0.1451929957;0.147905007;0.1387909949;0.1387909949;1545.92;1201671.78882;"2016-12-08T00:00:00.000Z"
0.1276309937;0.1328590065;0.1264670044;0.1269869953;673.44;1099471.11446;"2016-12-12T00:00:00.000Z"
0.130971998;0.1340339929;0.1226689965;0.1233649999;751.86;1068111.33451;"2016-12-17T00:00:00.000Z"
0.1078929976;0.1183400005;0.1074870005;0.1121470034;1188.45;970984.329681;"2016-12-21T00:00:00.000Z"
0.0974493995;0.1053450033;0.0973370969;0.0986768976;372.2;854358.329706;"2016-12-26T00:00:00.000Z"
0.1139210016;0.141444996;0.1122889966;0.1309240013;3641.12;1133558.20824;"2016-12-31T00:00:00.000Z"
0.1262219995;0.1490440071;0.1257590055;0.1385540068;5239.85;1199619.80984;"2017-01-04T00:00:00.000Z"
0.1088439971;0.1114239991;0.105103001;0.1098349988;677.4;950966.711999;"2017-01-09T00:00:00.000Z"
0.1154619977;0.1173880026;0.1056969985;0.1098219976;533.54;950854.15619;"2017-01-14T00:00:00.000Z"
0.1186830029;0.1224509999;0.1121879965;0.1205359995;597.59;1043617.45889;"2017-01-18T00:00:00.000Z"
0.1216500029;0.1235940009;0.1193810031;0.119580999;646.27;1035348.93602;"2017-01-23T00:00:00.000Z"
0.1139509976;0.1264600009;0.1131400019;0.1162599996;7696.58;1006595.25595;"2017-01-27T00:00:00.000Z"
0.1171829998;0.1193770021;0.1052950025;0.1180910021;7920.1;1022448.30871;"2017-02-01T00:00:00.000Z"
0.1209959984;0.1306210011;0.1209959984;0.1270110011;4702.65;1099678.9098;"2017-02-06T00:00:00.000Z"
0.1076399982;0.1106450036;0.0992071033;0.1046629995;2842.47;906186.816388;"2017-02-10T00:00:00.000Z"
0.1092370003;0.1168430001;0.1049069986;0.1107899994;2918.06;959235.234874;"2017-02-15T00:00:00.000Z"
0.1097859964;0.1136550009;0.1059160009;0.1136550009;1664.05;984040.803498;"2017-02-20T00:00:00.000Z"
0.134758994;0.1397529989;0.1215090007;0.1270450056;1144.83;1099973.28653;"2017-02-24T00:00:00.000Z"
0.122047998;0.1437820047;0.1210699975;0.1409849972;765.25;1220667.74608;"2017-03-01T00:00:00.000Z"
0.1544470042;0.1575389951;0.1527819932;0.1552270055;1928.13;1343976.96366;"2017-03-06T00:00:00.000Z"
0.1513579935;0.163192004;0.1388480067;0.1421010047;3018.08;1230330.22936;"2017-03-10T00:00:00.000Z"
0.1596200019;0.1641010046;0.1595489979;0.1632959992;1533.14;1413839.48835;"2017-03-15T00:00:00.000Z"
0.139576003;0.1489849985;0.139576003;0.1451320052;5068.33;1256573.04908;"2017-03-19T00:00:00.000Z"
0.1479910016;0.1480000019;0.131814003;0.1331519932;1705.51;1152848.54223;"2017-03-24T00:00:00.000Z"
0.1476130038;0.1538629979;0.1430380046;0.1471109986;3419.07;1273707.50643;"2017-03-29T00:00:00.000Z"
0.157073006;0.1624719948;0.1546089947;0.1590729952;9588.3;1377276.16678;"2017-04-02T00:00:00.000Z"
0.1720580012;0.1855659932;0.1694809943;0.1728059947;8271.89;1496178.39153;"2017-04-07T00:00:00.000Z"
0.1801690012;0.197378993;0.1783490032;0.1819709986;4956.63;1575530.23671;"2017-04-12T00:00:00.000Z"
0.1771800071;0.1831929982;0.172389999;0.1729079932;4101.9;1497061.52172;"2017-04-16T00:00:00.000Z"
0.1806939989;0.1841470003;0.1757970005;0.1789360046;2658.39;1549252.78443;"2017-04-21T00:00:00.000Z"
0.1922529936;0.2035059929;0.1889020056;0.1952140033;12093.6;1690189.97329;"2017-04-26T00:00:00.000Z"
0.2092159986;0.221044004;0.208472997;0.2162230015;6823.96;1872088.8184;"2017-04-30T00:00:00.000Z"
0.2555150092;0.2709749937;0.2452529967;0.26256001;19430.5;2273281.01154;"2017-05-05T00:00:00.000Z"
0.2944819927;0.3303279877;0.2942599952;0.300244987;11473.3;2599562.98488;"2017-05-09T00:00:00.000Z"
0.3955790102;0.4460749924;0.3953970075;0.4039919972;22305.8;3497818.94582;"2017-05-14T00:00:00.000Z"
0.3928990066;0.4736370146;0.3928990066;0.4433510005;20279.9;3838594.64407;"2017-05-19T00:00:00.000Z"
0.7167029977;0.755926013;0.6301429868;0.6463739872;40620.3;5596396.02587;"2017-05-23T00:00:00.000Z"
0.5221109986;0.59197402;0.5221109986;0.5499200225;10832;4761283.87365;"2017-05-28T00:00:00.000Z"
0.5859100223;0.6302319765;0.5793129802;0.6159840226;10228.6;5333275.17753;"2017-06-02T00:00:00.000Z"
0.6723470092;0.8233829737;0.6723470092;0.778061986;43886.3;6736569.05241;"2017-06-06T00:00:00.000Z"
0.8230699897;0.8504809737;0.8098589778;0.8363999724;19772.6;7241667.57332;"2017-06-11T00:00:00.000Z"
0.5899789929;0.6717919707;0.5698450208;0.6545270085;23761.1;5666985.83425;"2017-06-16T00:00:00.000Z"
0.6641489863;0.6830120087;0.6291949749;0.6370390058;11306.2;5515572.29704;"2017-06-20T00:00:00.000Z"
0.5711680055;0.6657959819;0.5262269974;0.536428988;116429;4644476.91857;"2017-06-25T00:00:00.000Z"
0.5312780142;0.5575079918;0.5236570239;0.5381450057;26141.1;4659334.28533;"2017-06-29T00:00:00.000Z"
0.5313749909;0.6925979853;0.5308560133;0.553155005;14908.8;4789292.95376;"2017-07-04T00:00:00.000Z"
0.5605009794;0.977034986;0.5313410163;0.536601007;11815;4645966.1185;"2017-07-09T00:00:00.000Z"
0.5413879752;0.5478559732;0.5086839795;0.513553977;8904.84;4446421.98583;"2017-07-13T00:00:00.000Z"
0.4846229851;0.5248709917;0.4588559866;0.507790029;21873.2;4396516.47185;"2017-07-18T00:00:00.000Z"
0.6249150038;0.6283559799;0.5777720213;0.5942569971;13198;5145159.78852;"2017-07-23T00:00:00.000Z"
0.5119330287;0.5363129973;0.5081390142;0.5285419822;15662.7;4576190.1752;"2017-07-27T00:00:00.000Z"
0.5153279901;0.5287089944;0.475959003;0.4914020002;27399.5;4254626.88769;"2017-08-01T00:00:00.000Z"
0.5856999755;0.597694993;0.5445619822;0.5654330254;11705.3;4895597.58607;"2017-08-06T00:00:00.000Z"
0.5684350133;0.6150580049;0.5626099706;0.5783749819;9302.7;5007651.22277;"2017-08-10T00:00:00.000Z"
0.6684420109;0.7088829875;0.6195030212;0.6394690275;13673.8;5536611.57514;"2017-08-15T00:00:00.000Z"
0.6767500043;0.7099890113;0.6438500285;0.6778200269;12366.3;5868659.86914;"2017-08-19T00:00:00.000Z"
0.6645479798;0.7032369971;0.6636120081;0.6990280151;12725.8;6052281.68394;"2017-08-24T00:00:00.000Z"
0.7061280012;0.7428129911;0.6911879778;0.7305920124;34947.4;6325567.18762;"2017-08-29T00:00:00.000Z"
0.788146019;0.8030430079;0.7000499964;0.7348610163;23055.8;6362528.7836;"2017-09-02T00:00:00.000Z"
0.7230769992;0.7856600285;0.683381021;0.7146620154;55329.3;6187643.03119;"2017-09-07T00:00:00.000Z"
0.6197109818;0.6972410083;0.5995669961;0.6567819715;18890.8;5686509.938;"2017-09-12T00:00:00.000Z"
0.5735380054;0.6021100283;0.538993001;0.5619559884;5248.31;4865493.23629;"2017-09-16T00:00:00.000Z"
0.5975430012;0.6122540236;0.5468450189;0.5516710281;27799.5;4776444.27528;"2017-09-21T00:00:00.000Z"
0.5804359913;0.6108840108;0.5682970285;0.5994719863;18117.6;5190311.98412;"2017-09-25T00:00:00.000Z"
0.6426920295;0.6764749885;0.6426920295;0.6597869992;16724.8;5712527.6461;"2017-09-30T00:00:00.000Z"
0.6565430164;0.6798930168;0.6356229782;0.673838973;12591.5;5834191.81724;"2017-10-05T00:00:00.000Z"
0.6676300168;0.681352973;0.6392210126;0.668587029;27175.7;5788719.2705;"2017-10-09T00:00:00.000Z"
0.6506059766;0.7666190267;0.6413369775;0.6777650118;38925.6;5868183.67149;"2017-10-14T00:00:00.000Z"
0.645761013;0.7976080179;0.6405869722;0.6835529804;52931.7;5918296.98081;"2017-10-19T00:00:00.000Z"
0.5524950027;0.5669760108;0.4834100008;0.4925630093;8301.51;4264678.98723;"2017-10-23T00:00:00.000Z"
0.6213700175;0.6431220174;0.579940021;0.5891739726;32749.2;5101150.46729;"2017-10-28T00:00:00.000Z"
0.6208670139;0.6603810191;0.6037350297;0.631716013;21630.4;5469485.02242;"2017-11-02T00:00:00.000Z"
0.6374340057;0.6506590247;0.5966489911;0.5977209806;20014.3;5175151.58249;"2017-11-06T00:00:00.000Z"
0.6063849926;0.617200017;0.5515850186;0.5575879812;17114.8;4827674.48455;"2017-11-11T00:00:00.000Z"
0.621686995;0.6726530194;0.621686995;0.6632840037;20372.2;5742805.15866;"2017-11-15T00:00:00.000Z"
0.6530460119;0.6730139852;0.6406099796;0.665012002;15929.4;5757766.42309;"2017-11-20T00:00:00.000Z"
0.713447988;0.7882320285;0.6643630266;0.7364709973;253572;6376468.38761;"2017-11-25T00:00:00.000Z"
0.7529389858;0.8247079849;0.6804029942;0.6886320114;34947.3;5962271.66948;"2017-11-29T00:00:00.000Z"
0.8889179826;0.9602900147;0.8554840088;0.8803030252;88777.1;7621785.85581;"2017-12-04T00:00:00.000Z"
1.1844199896;1.1870800257;0.9597859979;1.0669900179;133450;9238147.87669;"2017-12-09T00:00:00.000Z"
1.4604400396;1.535869956;1.2364100218;1.3261599541;160930;11482077.7966;"2017-12-13T00:00:00.000Z"
1.5026099682;1.6940000057;1.4491599798;1.6799299717;184993;14545067.6787;"2017-12-18T00:00:00.000Z"
1.256469965;1.4836800098;1.2432899475;1.3329000473;205924;11540433.6543;"2017-12-23T00:00:00.000Z"
1.5107699633;1.5938700438;1.4028099775;1.5180100203;139823;13143141.7898;"2017-12-27T00:00:00.000Z"
1.6993199587;2.0090401173;1.6533600092;1.7484699488;1717790;15138496.5351;"2018-01-01T00:00:00.000Z"
1.8954700232;2.0281100273;1.6717900038;1.8627099991;553830;16127602.35;"2018-01-05T00:00:00.000Z"
1.9586199522;2.0540800095;1.7589299679;1.9888900518;497173;17220086.3461;"2018-01-10T00:00:00.000Z"
1.8415299654;1.8745399714;1.6772899628;1.7085599899;209996;14792950.2021;"2018-01-15T00:00:00.000Z"
1.3048199415;1.4191499949;1.2467000484;1.3403400183;92027.5;11604850.2095;"2018-01-19T00:00:00.000Z"
1.2433999777;1.4373699427;1.168200016;1.4243199825;401708;12331960.7341;"2018-01-24T00:00:00.000Z"
1.6888799667;1.74556005;1.576570034;1.6211800575;66016.1;14036402.0044;"2018-01-29T00:00:00.000Z"
1.5030299425;1.7289999723;1.440320015;1.641569972;348807;14212941.4614;"2018-02-02T00:00:00.000Z"
1.6276600361;1.773630023;1.5320800543;1.5320800543;189290;13264961.8074;"2018-02-07T00:00:00.000Z"
1.5852700472;1.9513499737;1.5852700472;1.9339599609;91469.4;16744494.7634;"2018-02-12T00:00:00.000Z"
1.9499200583;2.0063800812;1.8607499599;2.0018200874;55030.9;17332036.0852;"2018-02-16T00:00:00.000Z"
1.849429965;1.9675400257;1.7673300505;1.9065799713;29826.3;16507434.9139;"2018-02-21T00:00:00.000Z"
1.7054100037;1.7173000574;1.6386400461;1.7046200037;72458.8;14758837.134;"2018-02-25T00:00:00.000Z"
1.7974300385;2.132060051;1.7974300385;2.0938000679;171233;18128411.7229;"2018-03-02T00:00:00.000Z"
2.1220700741;2.1737298965;1.8071700335;1.9204900265;79403;16627869.6292;"2018-03-07T00:00:00.000Z"
1.5807800293;1.7498300076;1.5207099915;1.7187099457;33138.7;14880830.3144;"2018-03-11T00:00:00.000Z"
1.3471699953;1.440860033;1.3012499809;1.3772499561;447737;11924422.125;"2018-03-16T00:00:00.000Z"
1.2966300249;1.3249900341;1.26620996;1.287610054;11846.2;11148306.5329;"2018-03-21T00:00:00.000Z"
1.1895099878;1.2785799503;1.1789599657;1.2350900173;26617.6;10693581.0654;"2018-03-25T00:00:00.000Z"
1.0591599941;1.1050200462;0.9940919876;1.0186699629;42513.9;8819786.59364;"2018-03-30T00:00:00.000Z"
1.0558199883;1.0572500229;0.9216560125;0.9449470043;13580.9;8181482.60212;"2018-04-04T00:00:00.000Z"
0.9597740173;0.9898740053;0.945104003;0.9569990039;5873.4;8285830.49498;"2018-04-08T00:00:00.000Z"
1.0904200077;1.1289999485;1.0304299593;1.0344699621;44391.9;8956585.19198;"2018-04-13T00:00:00.000Z"
1.0490000248;1.0975999832;1.0269800425;1.02718997;11753.8;8893553.93907;"2018-04-17T00:00:00.000Z"
1.2364200354;1.3823699951;1.2004899979;1.3497600555;112049;11686409.8802;"2018-04-22T00:00:00.000Z"
1.2576999664;1.276540041;1.1574699879;1.1574699879;21172.8;10021536.3057;"2018-04-27T00:00:00.000Z"
1.1507899761;1.2128599882;1.1022700071;1.172350049;43952.4;10150369.4161;"2018-05-01T00:00:00.000Z"
1.1460900307;1.1724900007;1.0464799404;1.0823299885;17603.5;9370963.73103;"2018-05-06T00:00:00.000Z"
1.0546799898;1.0546799898;0.9489489794;0.9807059765;41786.7;8491088.99948;"2018-05-11T00:00:00.000Z"
0.9899290204;1.0058000088;0.8926690221;0.912710011;11958.2;7902370.17079;"2018-05-15T00:00:00.000Z"
0.9929400086;1.0017800331;0.9038810134;0.9136319757;6383.29;7910352.97507;"2018-05-20T00:00:00.000Z"
0.6992359757;0.7060700059;0.657491982;0.6709240079;10111.9;5808953.34166;"2018-05-25T00:00:00.000Z"
0.5876610279;0.6516469717;0.5857930183;0.5985839963;6803.29;5182623.55656;"2018-05-29T00:00:00.000Z"
0.6288350224;0.6395009756;0.6088640094;0.6117129922;6299.93;5296296.26528;"2018-06-03T00:00:00.000Z"
0.6037960052;0.6192650199;0.597992003;0.5997809768;75229.1;5192987.34911;"2018-06-07T00:00:00.000Z"
0.5126479864;0.5460019708;0.4821380079;0.490139991;11073.7;4243700.3161;"2018-06-12T00:00:00.000Z"
0.4895789921;0.4924480021;0.4654429853;0.472292006;3009.72;4089169.8488;"2018-06-17T00:00:00.000Z"
0.4609029889;0.4625869989;0.4498539865;0.4527280033;3124.3;3919782.01475;"2018-06-21T00:00:00.000Z"
0.4232439995;0.4276179969;0.3998450041;0.4002059996;5762.88;3465039.23105;"2018-06-26T00:00:00.000Z"
0.4130910039;0.4172970057;0.3821449876;0.3910140097;2650.21;3385453.61611;"2018-07-01T00:00:00.000Z"
0.4299789965;0.4730789959;0.427414;0.450383991;12719.2;3899487.33661;"2018-07-05T00:00:00.000Z"
0.4257099926;0.4278720021;0.3922599852;0.3923110068;7646.02;3396683.22257;"2018-07-10T00:00:00.000Z"
0.3779790103;0.3801139891;0.3669550121;0.3714259863;2402.58;3215857.98672;"2018-07-14T00:00:00.000Z"
0.394652009;0.3984900117;0.3668819964;0.3691709936;2729.78;3196333.88296;"2018-07-19T00:00:00.000Z"
0.3211219907;0.4081909955;0.3204739988;0.3618969917;14292;3133354.57889;"2018-07-24T00:00:00.000Z"
0.3368169963;0.3725990057;0.3331280053;0.3360300064;1603.94;2909394.49386;"2018-07-28T00:00:00.000Z"
0.277838;0.328211;0.265626;0.268079;7885.84;2321065.28143;"2018-08-02T00:00:00.000Z"
0.248994;0.248994;0.206841;0.220978;3721.5;1913258.26999;"2018-08-07T00:00:00.000Z"
0.19022;0.202689;0.185868;0.194295;2995.45;2188990.23634;"2018-08-11T00:00:00.000Z"
0.20031;0.219091;0.19907;0.202308;3435.4;2279267.28291;"2018-08-16T00:00:00.000Z"
0.207736;0.209506;0.197598;0.198486;1055.34;2246496.39022;"2018-08-21T00:00:00.000Z"
0.243308;0.250467;0.216742;0.249813;12060.4;2830013.54666;"2018-08-25T00:00:00.000Z"
0.33078;0.343644;0.3096;0.330046;9098.35;3738935.32771;"2018-08-30T00:00:00.000Z"
0.299878;0.330802;0.295638;0.316277;16420.2;3582952.8267;"2018-09-03T00:00:00.000Z"
0.276513;0.277921;0.250725;0.26007;6179.59;2946210.25759;"2018-09-08T00:00:00.000Z"
0.276797;0.303526;0.27431;0.281085;12209.8;3184279.27194;"2018-09-13T00:00:00.000Z"
0.328467;0.33494;0.317806;0.319863;5615.62;3623576.92784;"2018-09-17T00:00:00.000Z"
0.319229;0.331945;0.30723;0.309253;4523.64;3503381.24655;"2018-09-22T00:00:00.000Z"
0.329556;0.341357;0.320411;0.339365;2134.47;3844505.87944;"2018-09-27T00:00:00.000Z"
0.308441;0.317869;0.288013;0.308616;10107.9;3496164.97426;"2018-10-01T00:00:00.000Z"
0.231385;0.24251;0.189792;0.200119;33458;2267053.67993;"2018-10-06T00:00:00.000Z"
0.168993;0.181984;0.159302;0.181984;8599.44;2061610.826;"2018-10-11T00:00:00.000Z"
0.161572;0.169616;0.135815;0.151192;7905.83;1712782.79411;"2018-10-15T00:00:00.000Z"
0.104612;0.131958;0.103783;0.126567;925.48;1433817.79395;"2018-10-20T00:00:00.000Z"
0.178018;0.179037;0.147118;0.168769;3240.08;1911904.32946;"2018-10-25T00:00:00.000Z"
0.157974;0.163609;0.151777;0.158226;769.53;1792467.65954;"2018-10-30T00:00:00.000Z"
0.156299;0.164663;0.139524;0.164641;988.62;1865140.16619;"2018-11-04T00:00:00.000Z"
0.158255;0.15873;0.145651;0.14644;1688.39;1658949.62941272;"2018-11-08T00:00:00.000Z"
0.134266;0.141008;0.131165;0.132492;1310.02;1500939.32190761;"2018-11-13T00:00:00.000Z"
0.105127;0.114564;0.104304;0.106572;556.68;1813088.20735477;"2018-11-18T00:00:00.000Z"
0.144987;0.144987;0.0537694;0.0980765;5362.2;1670166.37424874;"2018-11-22T00:00:00.000Z"
0.0988019;0.101797;0.0909192;0.0958934;997.91;1634956.89567757;"2018-11-27T00:00:00.000Z"
0.0933561084;0.0979579001;0.0693095816;0.0713464476;409.67;1217899.4366086;"2018-12-02T00:00:00.000Z"
0.1006026299;0.1044210375;0.0961309453;0.0974335451;1604.33;1664830.25615824;"2018-12-06T00:00:00.000Z"
0.1018577029;0.1248459268;0.0965038351;0.1233526476;2473.62;2110227.45541567;"2018-12-11T00:00:00.000Z"
0.0972532464;0.1015867607;0.0932880512;0.0983936666;1051.21;1684845.99788404;"2018-12-15T00:00:00.000Z"
0.1115736973;0.1117169488;0.1029065226;0.1072876073;740.81;1839366.988913;"2018-12-20T00:00:00.000Z"
0.1067418057;0.1080996102;0.0971285332;0.10384897;964.2;1782578.03772105;"2018-12-25T00:00:00.000Z"
0.1119803015;0.1158005478;0.1012309201;0.1068287806;1144.15;1835548.2188226;"2018-12-29T00:00:00.000Z"
0.107043741;0.1185569657;0.1035405163;0.1082398485;1709.25;1862055.34233835;"2019-01-03T00:00:00.000Z"
0.0813064681;0.0813064681;0.0737646165;0.0737646165;761.31;1270515.17507949;"2019-01-08T00:00:00.000Z"
0.0619360088;0.0688804436;0.0585804879;0.0650672347;248.02;1121794.31306673;"2019-01-12T00:00:00.000Z"
0.0885999755;0.0886539038;0.0492632318;0.0527225559;149.27;910032.742369035;"2019-01-17T00:00:00.000Z"
0.0927193207;0.0934739939;0.0369119363;0.0395366425;107.82;683264.468582176;"2019-01-22T00:00:00.000Z"
0.0516996961;0.05943614;0.0384355077;0.0393620271;463.91;680893.121480689;"2019-01-26T00:00:00.000Z"
0.0473520878;0.047410785;0.022693434;0.0399637099;85.11;692122.617231669;"2019-01-31T00:00:00.000Z"
0.0322448306;0.049603686;0.0237688492;0.0240508258;14.82;416914.220990072;"2019-02-04T00:00:00.000Z"
0.1209347049;0.1365429492;0.0753882352;0.1316623655;1253.15;2285062.62369125;"2019-02-09T00:00:00.000Z"
0.0634125825;0.0942623298;0.0596788585;0.0942623298;0;1637921.8456202;"2019-02-14T00:00:00.000Z"
0.060212087;0.0846637108;0.055982388;0.0561775102;86.5;977063.158693304;"2019-02-18T00:00:00.000Z"
0.0518524714;0.0518524714;0.0510161412;0.0516279463;130.52;898940.274885555;"2019-02-23T00:00:00.000Z"
0.0495194854;0.0546839922;0.0454557144;0.0478716368;58.54;834473.261695821;"2019-02-28T00:00:00.000Z"
0.0309030313;0.0450590536;0.0301107143;0.0375562956;160.03;655255.219579994;"2019-03-04T00:00:00.000Z"
0.0674343223;0.0674437399;0.0567378659;0.0569373641;31.95;994525.246786426;"2019-03-09T00:00:00.000Z"
0.0426407301;0.074344786;0.0358154162;0.0569819326;843.32;996230.963866718;"2019-03-13T00:00:00.000Z"
0.0402009508;0.0537385202;0.0361769724;0.036472545;9.44;638404.409037626;"2019-03-18T00:00:00.000Z"
0.0383174846;0.0399221417;0.0370199259;0.0398646307;66.97;698604.846669523;"2019-03-23T00:00:00.000Z"
0.0361484082;0.052871364;0.0335022192;0.0528661478;140.73;927318.114223506;"2019-03-27T00:00:00.000Z"
0.0402790658;0.0427590201;0.0401029683;0.0411242745;137.03;722190.288836081;"2019-04-01T00:00:00.000Z"
0.0581822089;0.0617638825;0.0575914659;0.0606480297;0.97;1066315.50157795;"2019-04-06T00:00:00.000Z"
0.0555063974;0.0578655274;0.0525206006;0.0541446635;38.9;951973.119716238;"2019-04-10T00:00:00.000Z"
0.0511494745;0.0514606542;0.0500128906;0.0500463494;149.38;879916.435555863;"2019-04-15T00:00:00.000Z"
0.0546073718;0.0552618474;0.0545568679;0.0548716353;0;964754.759167239;"2019-04-20T00:00:00.000Z"
0.0425454279;0.0520252736;0.0416014949;0.0516952869;21.32;908908.105993814;"2019-04-24T00:00:00.000Z"
0.0410117002;0.0574663854;0.0409983503;0.0410575728;696.13;721875.492369516;"2019-04-29T00:00:00.000Z"
0.0411319513;0.0494357042;0.0411319513;0.0494357042;569.11;869180.053646762;"2019-05-03T00:00:00.000Z"
0.0651697512;0.0651697512;0.0651697512;0.0651697512;0;1145816.54550745;"2019-05-08T00:00:00.000Z"
0.0411431306;0.0570590618;0.0411162232;0.057045087;142.61;1002968.45290064;"2019-05-13T00:00:00.000Z"
0.0340288191;0.0342212293;0.0293409349;0.0313225526;62.36;550714.07222179;"2019-05-17T00:00:00.000Z"
0.0406719233;0.0425759347;0.0284357484;0.0287054922;42.19;504700.836568392;"2019-05-22T00:00:00.000Z"
0.0327241111;0.0349436329;0.0309304388;0.032230729;35.84;566681.656845072;"2019-05-27T00:00:00.000Z"
0.0291006257;0.0372383877;0.0290891645;0.0297128367;72.8;522411.998057669;"2019-05-31T00:00:00.000Z"
0.0235462042;0.0236292982;0.0167105035;0.0168150783;497.77;295643.217944132;"2019-06-05T00:00:00.000Z"
0.011496502;0.0178711661;0.0113780816;0.015445234;733.2;271558.57349833;"2019-06-10T00:00:00.000Z"
0.0140994929;0.0165860393;0.0140514488;0.0165720503;602.29;291370.291156988;"2019-06-14T00:00:00.000Z"
0.0210289856;0.0294208693;0.0197325478;0.0227737683;240.66;400409.087121409;"2019-06-19T00:00:00.000Z"
0.0563632688;0.0576134974;0.0386413683;0.0387639958;696.8;681549.751772973;"2019-06-23T00:00:00.000Z"
0.0299014353;0.0384446924;0.0297856025;0.0365280369;613.85;642237.054498692;"2019-06-28T00:00:00.000Z"
0.0205868823;0.0312664668;0.0205868823;0.0310581968;237.29;546066.15995373;"2019-07-03T00:00:00.000Z"
0.0296198524;0.0312608559;0.0294402747;0.0308226589;187.48;541924.925686215;"2019-07-07T00:00:00.000Z"
0.0265760723;0.0293038241;0.0255466824;0.0271081406;126.26;476616.151717991;"2019-07-12T00:00:00.000Z"
0.0266755106;0.0268073653;0.0204906926;0.0212947569;67.8;374405.062301842;"2019-07-17T00:00:00.000Z"
0.0265531554;0.0266825456;0.0230422162;0.0232953402;31.77;409579.379907722;"2019-07-21T00:00:00.000Z"
0.0218217156;0.0226991618;0.0214172288;0.0226892741;59.19;398923.506481476;"2019-07-26T00:00:00.000Z"
0.0240366152;0.0404905455;0.0230738439;0.0232557035;191.66;408882.485595049;"2019-07-31T00:00:00.000Z"
0.029386722;0.0297431641;0.0287120051;0.0296290037;100.28;520938.042666778;"2019-08-04T00:00:00.000Z"
0.0298999227;0.0308772106;0.0293011369;0.0297654272;57.27;537740.11626632;"2019-08-09T00:00:00.000Z"
0.0275541375;0.0275541375;0.0262258408;0.0264026827;33.86;476989.010092345;"2019-08-13T00:00:00.000Z"
0.0327181116;0.0328892696;0.0284689862;0.0288467574;68.17;521500.903724844;"2019-08-18T00:00:00.000Z"
0.0310783963;0.0310783963;0.0234373837;0.0235649548;42.28;426014.788404006;"2019-08-23T00:00:00.000Z"
0.0245865925;0.0288770887;0.0240981645;0.0287080909;55.35;518994.046474687;"2019-08-27T00:00:00.000Z"
0.0249984293;0.0250297761;0.0204560928;0.021238016;32.87;383947.644993131;"2019-09-01T00:00:00.000Z"
0.0304309217;0.0318679847;0.0239099522;0.0240882588;545.08;435475.245682877;"2019-09-06T00:00:00.000Z"
0.0277096621;0.0343375792;0.0276945325;0.0326304439;119.9;589903.598861515;"2019-09-10T00:00:00.000Z"
0.0310393397;0.0311019867;0.0306528753;0.03073039;51.77;555553.816382527;"2019-09-15T00:00:00.000Z"
0.0276838897;0.0277231526;0.0271626965;0.0272963379;40.83;493471.923765618;"2019-09-20T00:00:00.000Z"
0.0291429626;0.0293709205;0.023873783;0.0255926717;69.59;462672.501707465;"2019-09-24T00:00:00.000Z"
0.0132654126;0.0132869543;0.0119674818;0.0128197013;25.61;231758.659096335;"2019-09-29T00:00:00.000Z"
0.0224837569;0.0239970829;0.0190183175;0.0239962642;74.05;433812.137228632;"2019-10-03T00:00:00.000Z"
0.0151725959;0.0239746784;0.0151725959;0.023861947;50.57;431383.908076045;"2019-10-08T00:00:00.000Z"
0.046100577;0.0461027176;0.0223624266;0.0223624266;1.56;404275.099032258;"2019-10-13T00:00:00.000Z"
0.0246875531;0.0413625092;0.0245554556;0.0413321665;5.17;747216.121489698;"2019-10-17T00:00:00.000Z"
0.0371574963;0.0371574963;0.0371574963;0.0371574963;0;671745.099996479;"2019-10-22T00:00:00.000Z"
0.033862349;0.033862349;0.033862349;0.033862349;0;612174.372630051;"2019-10-27T00:00:00.000Z"
0.063528545;0.0638487157;0.0484261579;0.0484691836;27.96;876241.39996548;"2019-10-31T00:00:00.000Z"
0.0322788901;0.0323154043;0.0321414179;0.0321465908;0;581156.34689489;"2019-11-05T00:00:00.000Z"
0.0420842371;0.0426111054;0.0420428643;0.0425019186;0;768363.273976679;"2019-11-10T00:00:00.000Z"
0.0264084558;0.0349242641;0.0264084558;0.0347256826;4.68;627781.994030791;"2019-11-14T00:00:00.000Z"
0.0371471082;0.0371471082;0.0244160469;0.0244180382;10.97;441437.101988846;"2019-11-19T00:00:00.000Z"
0.0284950551;0.0287942195;0.0202445549;0.0202445549;164.87;365987.536217924;"2019-11-23T00:00:00.000Z"
0.0162786921;0.0530222659;0.0162786921;0.0530136191;24.39;958397.157832548;"2019-11-28T00:00:00.000Z"
0.0493705225;0.0494193254;0.049350216;0.049398984;0;893050.627672393;"2019-12-03T00:00:00.000Z"
0.0493421077;0.064999181;0.0493421077;0.064999181;91.18;1175075.97727082;"2019-12-07T00:00:00.000Z"
0.0232323362;0.0232323362;0.0232323362;0.0232323362;0;420001.602921347;"2019-12-12T00:00:00.000Z"
0.0407033556;0.0408730513;0.0406768729;0.0407033556;0;735848.277810288;"2019-12-17T00:00:00.000Z"
0.0407033556;0.0407033556;0.0407033556;0.0407033556;0;735848.277810288;"2019-12-21T00:00:00.000Z"
0.0125935086;0.032762719;0.0124390088;0.0327412724;257.66;591907.190850261;"2019-12-26T00:00:00.000Z"
0.0295876473;0.0297753961;0.0292170621;0.0292170621;0;528195.390960439;"2019-12-30T00:00:00.000Z"
0.0233624504;0.0233624504;0.0233624504;0.0233624504;0;422353.848180109;"2020-01-04T00:00:00.000Z"
0.026135035;0.026195565;0.0257576806;0.0258562764;0;467438.032507393;"2020-01-09T00:00:00.000Z"
0.0641238512;0.0641238512;0.0640162339;0.0640422223;0;1157775.77331333;"2020-01-13T00:00:00.000Z"
0.030833008;0.030833008;0.0276668116;0.0278666133;1.09;503781.544964257;"2020-01-18T00:00:00.000Z"
0.0322035193;0.0322035193;0.0322035193;0.0322035193;0;582185.518835535;"2020-01-23T00:00:00.000Z"
0.0254636771;0.0254636771;0.0254636771;0.0254636771;0;460340.496156323;"2020-01-27T00:00:00.000Z"
0.0447118157;0.0447118157;0.0243882631;0.0243882631;593.59;440898.818544805;"2020-02-01T00:00:00.000Z"
0.0438037721;0.0438107401;0.043793288;0.0438002816;0;791835.49566542;"2020-02-06T00:00:00.000Z"
0.0344730018;0.0346112529;0.0333019537;0.0336832829;0;608937.158560074;"2020-02-10T00:00:00.000Z"
0.0288737497;0.0288737497;0.0288737497;0.0288737497;0;521988.880207282;"2020-02-15T00:00:00.000Z"
0.0274071062;0.0587958552;0.0274071062;0.0587912445;0.29;1062846.91655484;"2020-02-19T00:00:00.000Z"
0.0240403647;0.0281365506;0.023020906;0.0281298826;2.07;508541.011547297;"2020-02-24T00:00:00.000Z"
0.0394664216;0.0394664216;0.0394664216;0.0394664216;3.17;713486.588450119;"2020-02-29T00:00:00.000Z"
0.0471512774;0.0471512774;0.0471512774;0.0471512774;0;852415.869335001;"2020-03-04T00:00:00.000Z"
0.078839471;0.078839471;0.078839471;0.078839471;0;1425285.16598537;"2020-03-09T00:00:00.000Z"
0.0370178426;0.0370178426;0.0370178426;0.0370178426;0;669220.395105929;"2020-03-14T00:00:00.000Z"
0.0641756951;0.072223043;0.0641756951;0.0721448893;0.72;1304258.37686415;"2020-03-18T00:00:00.000Z"
0.0498494305;0.0675916131;0.0494210703;0.0674955691;6.75;1220206.48001052;"2020-03-23T00:00:00.000Z"
0.0455005171;0.0455005171;0.0455005171;0.0455005171;4.6;822572.896406686;"2020-03-28T00:00:00.000Z"
0.0776178451;0.0776178451;0.0776178451;0.0776178451;15.48;1403200.22247448;"2020-04-01T00:00:00.000Z"
0.0764366475;0.0766443952;0.0761719934;0.0763570888;0;1380407.86699535;"2020-04-06T00:00:00.000Z"
0.077122632;0.077122632;0.077122632;0.077122632;0;1394247.60157464;"2020-04-10T00:00:00.000Z"
0.0702927168;0.0703174486;0.069709019;0.069791822;0.35;1261718.87362725;"2020-04-15T00:00:00.000Z"
0.0277955353;0.0277955353;0.0277955353;0.0277955353;0;502496.574225138;"2020-04-20T00:00:00.000Z"
0.0679037488;0.0679037488;0.0679037488;0.0679037488;0;1227585.68341153;"2020-04-24T00:00:00.000Z"
0.0678668404;0.0678668404;0.0611620803;0.0614502413;1.52;1110917.11044403;"2020-04-29T00:00:00.000Z"
0.0620732456;0.0620732456;0.0614796256;0.0615342402;0;1112435.66983658;"2020-05-04T00:00:00.000Z"
0.0614544318;0.0684387118;0.0613622401;0.0683123726;3.42;1234972.91463325;"2020-05-08T00:00:00.000Z"
0.0615216309;0.0619194855;0.0614250593;0.0615595117;2.49;1112892.53700176;"2020-05-13T00:00:00.000Z"
0.0481430593;0.0481795014;0.0377617623;0.0382156759;0.34;690875.208626694;"2020-05-18T00:00:00.000Z"
0.0385613125;0.0385613125;0.0385613125;0.0385613125;1.81;697123.737249255;"2020-05-22T00:00:00.000Z"
0.0433087917;0.0433150448;0.043274432;0.043274432;0;782329.019260712;"2020-05-27T00:00:00.000Z"
0.0367674094;0.0367674094;0.0294139275;0.0294507436;815.67;532419.96034228;"2020-05-31T00:00:00.000Z"
0.0380633374;0.0382233774;0.0378214826;0.0378644453;0;684525.549163915;"2020-06-05T00:00:00.000Z"
0.0377358491;0.0378816577;0.0371664313;0.0374981251;315.34;677903.095597193;"2020-06-10T00:00:00.000Z"
0.0371802499;0.0371802499;0.0371802499;0.0371802499;0;672156.445323394;"2020-06-14T00:00:00.000Z"
0.0299554322;0.0299554322;0.0289247234;0.0289247234;15.91;522910.398536048;"2020-06-19T00:00:00.000Z"
0.0289351852;0.0289351852;0.0289351852;0.0289351852;0;523099.529902114;"2020-06-24T00:00:00.000Z"
0.0288829518;0.0288829518;0.0288829518;0.0288829518;0;522155.238744218;"2020-06-28T00:00:00.000Z"
0.0361115124;0.0361115124;0.0361115124;0.0361115124;0;652835.467044243;"2020-07-03T00:00:00.000Z"
0.0358628604;0.036033439;0.0358191848;0.0358551452;11.17;648200.779970906;"2020-07-08T00:00:00.000Z"
0.0354861604;0.0426378624;0.0354861604;0.042625746;383.36;770601.865022474;"2020-07-12T00:00:00.000Z"
0.0496090974;0.0496090974;0.0496090974;0.0496090974;0;896849.124938225;"2020-07-17T00:00:00.000Z"
0.0447483354;0.0447483354;0.0447483354;0.0447483354;0;808974.715105154;"2020-07-21T00:00:00.000Z"
0.0295744524;0.0295744524;0.0295744524;0.0295744524;0;534656.406896206;"2020-07-26T00:00:00.000Z"
0.0296575697;0.0296575697;0.0296575697;0.0296575697;1.32;536159.02826128;"2020-07-31T00:00:00.000Z"
0.04416636;0.04416636;0.04416636;0.04416636;0;798453.577625058;"2020-08-04T00:00:00.000Z"
0.0385292823;0.0385292823;0.0385292823;0.0385292823;0;696544.684466152;"2020-08-09T00:00:00.000Z"
0.0402517564;0.0407788391;0.0402517564;0.0407488987;22.41;736671.619907332;"2020-08-14T00:00:00.000Z"
0.0407488987;0.0407488987;0.0407488987;0.0407488987;0;736671.619907332;"2020-08-18T00:00:00.000Z"
0.0402669956;0.0402669956;0.0402669956;0.0402669956;0;727959.621501252;"2020-08-23T00:00:00.000Z"
0.0381319001;0.0453720508;0.0381319001;0.0451752801;92.35;816693.158357119;"2020-08-27T00:00:00.000Z"
0.0436490615;0.0508511567;0.0436427117;0.0479024532;291.71;865995.865672772;"2020-09-01T00:00:00.000Z"
0.047355959;0.0502584882;0.047355959;0.0502299511;0.2;908073.11782381;"2020-09-06T00:00:00.000Z"
0.0501147118;0.0501147118;0.0479024532;0.0483268653;24.16;873668.524365098;"2020-09-10T00:00:00.000Z"
0.0483339436;0.0488490859;0.0442380004;0.0442477876;522.27;799925.652805303;"2020-09-15T00:00:00.000Z"
0.0396621373;0.0396621373;0.0396621373;0.0396621373;0;717024.801089761;"2020-09-20T00:00:00.000Z"
0.05050578;0.05055692;0.05022995;0.05042926;2.52;911676.32260509;"2020-09-24T00:00:00.000Z"
0.05044746;0.05065217;0.05039654;0.05063383;10.13;915374.53876325;"2020-09-29T00:00:00.000Z"
0.05689942;0.05691585;0.05688847;0.05691585;0;1028943.00943876;"2020-10-04T00:00:00.000Z"
0.0563024;0.0563635;0.05615224;0.0563024;0;1017852.78172196;"2020-10-08T00:00:00.000Z"
0.05645746;0.05645746;0.05596264;0.05611179;0;1014406.90685812;"2020-10-13T00:00:00.000Z"
0.04450826;0.05656856;0.04450826;0.05656856;11.31;1022664.46271916;"2020-10-17T00:00:00.000Z"
0.05688709;0.05688709;0.04450826;0.04454983;0.89;805386.09234124;"2020-10-22T00:00:00.000Z"
0.07152564;0.07169487;0.07129108;0.07136231;0;1290110.59397678;"2020-10-27T00:00:00.000Z"
0.06380264;0.06380264;0.06380264;0.06380264;62.85;1153444.47597278;"2020-10-31T00:00:00.000Z"
0.06987244;0.08668015;0.06974748;0.08661758;280.64;1565900.36841947;"2020-11-05T00:00:00.000Z"
0.07612734;0.07624954;0.07584555;0.07603318;0;1374552.10581342;"2020-11-10T00:00:00.000Z"
0.07652874;0.07652874;0.07652874;0.07652874;0;1383511.10525808;"2020-11-14T00:00:00.000Z"
0.07666349;0.07666349;0.07462687;0.0750331;8.15;1356472.42522245;"2020-11-19T00:00:00.000Z"
0.07689478;0.0772529;0.06007981;0.06011535;538.85;1086784.52821096;"2020-11-24T00:00:00.000Z"
0.06116921;0.06116921;0.06116921;0.06116921;0.53;1105836.57810004;"2020-11-28T00:00:00.000Z"
0.07796055;0.07946493;0.07776825;0.07913099;239.08;1430555.27385858;"2020-12-03T00:00:00.000Z"
0.0796885;0.0796885;0.07913099;0.07916237;24.85;1431122.63931927;"2020-12-07T00:00:00.000Z"
0.07097027;0.08215962;0.07097027;0.07097027;78.63;1283023.16246873;"2020-12-12T00:00:00.000Z"
0.09430255;0.09443614;0.06531673;0.06532703;175.05;1181002.92163736;"2020-12-17T00:00:00.000Z"
0.08421971;0.08421971;0.08326878;0.08410264;0;1520434.49655182;"2020-12-21T00:00:00.000Z"
0.0841619;0.0841619;0.0841619;0.0841619;0;1521505.81186283;"2020-12-26T00:00:00.000Z"
0.09448819;0.09606299;0.09448819;0.09545419;5.06;1725651.36524225;"2020-12-31T00:00:00.000Z"
0.09545835;0.09581403;0.09410289;0.09417674;173.27;1702557.18914477;"2021-01-04T00:00:00.000Z"
0.10138824;0.10138824;0.10138824;0.10138824;159.53;1832929.00323008;"2021-01-09T00:00:00.000Z"
0.09891135;0.09898833;0.09837587;0.0986888;29.84;1784127.76214855;"2021-01-14T00:00:00.000Z"
0.10041972;0.10041972;0.10006158;0.10026222;5.01;1812572.54970075;"2021-01-18T00:00:00.000Z"
0.09922481;0.09922481;0.09922481;0.09922481;9.92;1793817.77398244;"2021-01-23T00:00:00.000Z"
0.10543032;0.1054957;0.10013865;0.10491829;27.65;1896746.31393783;"2021-01-27T00:00:00.000Z"
0.10872098;0.10883085;0.1047161;0.10851872;601.85;1961836.11;"2021-02-01T00:00:00.000Z"
0.11045426;0.11045426;0.10500933;0.11045426;828.88;1996827.48;"2021-02-06T00:00:00.000Z"
0.14226335;0.15621339;0.10928962;0.15617679;845.9;2823413.99;"2021-02-10T00:00:00.000Z"
0.18853225;0.18890016;0.18844417;0.18869396;23.59;3411269.7;"2021-02-15T00:00:00.000Z"
0.20950156;0.21028037;0.20950156;0.21028037;546.94;3801515.84;"2021-02-20T00:00:00.000Z"
0.21401693;0.21523179;0.21384929;0.21519786;0.01;3890415.65;"2021-02-24T00:00:00.000Z"
0.2145406;0.2145406;0.19981194;0.200661;32.69;3627613.74;"2021-03-01T00:00:00.000Z"
0.19870646;0.19870646;0.19870646;0.19870646;0.01;0;"2021-03-06T00:00:00.000Z"
0.18825006;0.1994993;0.18707616;0.1993901;19.94;0;"2021-03-10T00:00:00.000Z"
0.19830345;0.21313274;0.19798137;0.21298254;1205.13;0;"2021-03-15T00:00:00.000Z"
0.267283;0.30999158;0.22809622;0.22809707;1931.96;0;"2021-03-19T00:00:00.000Z"
0.25179666;0.26337954;0.2363145;0.23746868;896.55;0;"2021-03-24T00:00:00.000Z"
0.31330468;0.33583606;0.30352746;0.30591268;10295.85;0;"2021-03-29T00:00:00.000Z"
0.32791757;0.33140669;0.25161451;0.25236474;1249.93;0;"2021-04-02T00:00:00.000Z"
0.32295926;0.33768624;0.28341064;0.31682346;1857.12;0;"2021-04-07T00:00:00.000Z"
0.21138795;0.33124186;0.2102643;0.31764143;5346.36;0;"2021-04-12T00:00:00.000Z"
0.22288903;0.29592806;0.21210338;0.28431844;2178.69;0;"2021-04-16T00:00:00.000Z"
0.33325361;0.37323571;0.31983764;0.35842813;858.14;0;"2021-04-21T00:00:00.000Z"
0.44994664;0.458628;0.37220423;0.45028848;2833.19;0;"2021-04-25T00:00:00.000Z"
0.44824095;0.47748738;0.44468064;0.47643544;1414.69;0;"2021-04-30T00:00:00.000Z"
0.32960502;0.46633659;0.25781542;0.38774558;1042.06;0;"2021-05-05T00:00:00.000Z"
0.3816365;0.45869465;0.33998978;0.41334153;3366.54;0;"2021-05-09T00:00:00.000Z"
0.35198928;0.39116371;0.34501158;0.38899744;2137.25;0;"2021-05-14T00:00:00.000Z"
0.39691122;0.41038978;0.28366159;0.33072689;7019.86;0;"2021-05-19T00:00:00.000Z"
0.30967754;0.34631163;0.26022182;0.31273352;332.08;0;"2021-05-23T00:00:00.000Z"
0.34172503;0.34554668;0.28344917;0.29173891;349.35;0;"2021-05-28T00:00:00.000Z"
0.2244367;0.31231518;0.21564707;0.22723164;2863.32;0;"2021-06-02T00:00:00.000Z"
0.24892161;0.28871015;0.24200132;0.2458568;1373.33;0;"2021-06-06T00:00:00.000Z"
0.26995759;0.27331717;0.25256276;0.25795094;408.48;0;"2021-06-11T00:00:00.000Z"
0.25718145;0.27193962;0.25231232;0.25710283;260.08;0;"2021-06-15T00:00:00.000Z"
0.23043467;0.23113992;0.20059246;0.23075983;1564.73;0;"2021-06-20T00:00:00.000Z"
0.24402751;0.25484045;0.21383479;0.21587903;365.82;0;"2021-06-25T00:00:00.000Z"
0.20075217;0.21725365;0.20037704;0.21052705;87.08;0;"2021-06-29T00:00:00.000Z"
0.23937326;0.2397086;0.2150012;0.21524832;307.63;0;"2021-07-04T00:00:00.000Z"
0.19732837;0.22095831;0.19569123;0.21979781;1326.77;0;"2021-07-09T00:00:00.000Z"
0.20000703;0.21254976;0.19367265;0.19625971;164.57;0;"2021-07-13T00:00:00.000Z"
0.15867343;0.20039338;0.15853264;0.17901011;874.22;0;"2021-07-18T00:00:00.000Z"
0.19553158;0.20429636;0.19446862;0.20272844;809.47;0;"2021-07-23T00:00:00.000Z"
0.20909065;0.2156778;0.19967882;0.21074822;186.21;0;"2021-07-27T00:00:00.000Z"
0.1794089;0.21984702;0.17550207;0.21636651;829.51;0;"2021-08-01T00:00:00.000Z"
0.23055056;0.23104464;0.19448589;0.2142407;3504.3;0;"2021-08-05T00:00:00.000Z"
0.24110008;0.24251754;0.22576306;0.23062816;563.9;0;"2021-08-10T00:00:00.000Z"
0.23265608;0.23391166;0.16223099;0.21197296;524.66;0;"2021-08-15T00:00:00.000Z"
0.21955721;0.2215201;0.17692614;0.18765214;265.18;0;"2021-08-19T00:00:00.000Z"
0.21255297;0.22694841;0.20400783;0.20536681;393.8;0;"2021-08-24T00:00:00.000Z"
0.20783521;0.214892;0.20224711;0.20604049;150.22;0;"2021-08-29T00:00:00.000Z"
0.20320871;0.22335232;0.20239919;0.22109788;416.18;0;"2021-09-02T00:00:00.000Z"
0.22280057;0.22315591;0.17097657;0.19681773;1711.13;0;"2021-09-07T00:00:00.000Z"
0.18646482;0.18870506;0.15989407;0.18762615;5.15;0;"2021-09-12T00:00:00.000Z"
0.1662083951;0.1934624493;0.1635554789;0.1887037414;572.36;0;"2021-09-16T00:00:00.000Z"
0.1277734902;0.1748668701;0.1210503202;0.1622505672;437.1;0;"2021-09-21T00:00:00.000Z"
0.1375327454;0.1626700605;0.1340684296;0.1623236459;1.83;0;"2021-09-25T00:00:00.000Z"
0.1350841813;0.1545031433;0.1346948902;0.1541004867;112.63;0;"2021-09-30T00:00:00.000Z"
0.1586648674;0.2034608607;0.1585356125;0.1750871356;315.33;0;"2021-10-05T00:00:00.000Z"
0.183490679;0.2036574109;0.1796629432;0.1824643858;7.5;0;"2021-10-09T00:00:00.000Z"
0.1631593691;0.2057029103;0.1625430325;0.1834757388;262.8;0;"2021-10-14T00:00:00.000Z"
0.1860782335;0.1900818735;0.1817876545;0.1895513567;465.27;0;"2021-10-19T00:00:00.000Z"
0.1760075669;0.190788583;0.175342025;0.189639327;6.87;0;"2021-10-23T00:00:00.000Z"
0.20351871;0.216828929;0.1852641308;0.1909351181;45.82;0;"2021-10-28T00:00:00.000Z"
0.200141962;0.2092999886;0.1899513203;0.1922387892;661.53;0;"2021-11-02T00:00:00.000Z"
0.1846032822;0.1960981017;0.1817122412;0.1852827786;547.32;0;"2021-11-06T00:00:00.000Z"
0.2408469046;0.2434303688;0.1847581241;0.2182366384;29.49;0;"2021-11-11T00:00:00.000Z"
0.2030028274;0.2380770516;0.1866308897;0.2359375481;753.7;0;"2021-11-15T00:00:00.000Z"
0.1499485066;0.1538398927;0.1333297635;0.1534700452;27.65;0;"2021-11-20T00:00:00.000Z"
0.1144127342;0.1842102921;0.1143308345;0.1376893881;158.81;0;"2021-11-25T00:00:00.000Z"
0.1744283604;0.179656463;0.1659292374;0.179618716;313.72;0;"2021-11-29T00:00:00.000Z"
0.1580110406;0.1911124863;0.1256486878;0.1827740796;1984.38;0;"2021-12-04T00:00:00.000Z"
0.1383831398;0.1844938226;0.1375028113;0.183812055;147.67;0;"2021-12-09T00:00:00.000Z"
0.1641837985;0.171058957;0.1468714116;0.1709512334;675.74;0;"2021-12-13T00:00:00.000Z"
0.1866002354;0.1867339753;0.1379367012;0.1406364457;890.77;0;"2021-12-18T00:00:00.000Z"
0.1683977261;0.2067397106;0.1665033371;0.2067148515;581.48;0;"2021-12-23T00:00:00.000Z"
0.206012021;0.2070031462;0.1774308187;0.1778369116;2164.19;0;"2021-12-27T00:00:00.000Z"
0.1653329284;0.1938999808;0.1652498954;0.1831173562;387.86;0;"2022-01-01T00:00:00.000Z"
0.183597435;0.1981787689;0.1718822137;0.1907367448;3492.9;0;"2022-01-05T00:00:00.000Z"
0.1753788742;0.1783466647;0.1671456012;0.1744717083;242.07;0;"2022-01-10T00:00:00.000Z"
0.1783774359;0.180145683;0.1727054509;0.1778908748;77.95;0;"2022-01-15T00:00:00.000Z"
0.1750181976;0.1774246504;0.1711051901;0.1744937251;1412.88;0;"2022-01-19T00:00:00.000Z"
0.1262395507;0.1461369821;0.1107348637;0.1455176869;177.75;0;"2022-01-24T00:00:00.000Z"
0.1255499528;0.1260879816;0.1108320864;0.112126245;64.9;0;"2022-01-29T00:00:00.000Z"
0.1160897841;0.1330798581;0.0854668617;0.1291131306;5742;0;"2022-02-02T00:00:00.000Z"
0.1190126639;0.1330946844;0.1141266595;0.1197008636;54.89;0;"2022-02-07T00:00:00.000Z"
0.1351200204;0.1537650882;0.1313973637;0.131888687;43;0;"2022-02-11T00:00:00.000Z"
0.1360284794;0.1360940983;0.1224355379;0.1275534771;950.08;0;"2022-02-16T00:00:00.000Z"
0.12304783;0.1322221982;0.1200048774;0.1279426591;137.41;0;"2022-02-21T00:00:00.000Z"
0.1364922891;0.1461868076;0.1357103876;0.1450968892;254.41;0;"2022-02-25T00:00:00.000Z"
0.1379535516;0.1397404885;0.1348181146;0.136164761;98.19;0;"2022-03-02T00:00:00.000Z"
0.1196312673;0.1277656323;0.1157475778;0.1172847993;1530.63;0;"2022-03-07T00:00:00.000Z"
0.1214751062;0.1234569987;0.1183825494;0.1194946729;231.43;0;"2022-03-11T00:00:00.000Z"
0.1220077791;0.1285531173;0.1209995788;0.1259093052;155.26;0;"2022-03-16T00:00:00.000Z"
0.1177757041;0.1220015985;0.1159901531;0.1212163978;219.83;0;"2022-03-21T00:00:00.000Z"
0.1253130771;0.1269544947;0.1174025234;0.1175679634;284.85;0;"2022-03-25T00:00:00.000Z"
0.1195979169;0.1195979169;0.1133615112;0.1134361765;208.39;0;"2022-03-30T00:00:00.000Z"
0.1156322246;0.1186224469;0.1134650418;0.1139059559;592.91;0;"2022-04-03T00:00:00.000Z"
0.1218722918;0.1355447897;0.1182097649;0.1185009385;303.43;0;"2022-04-08T00:00:00.000Z"
0.1146107293;0.1188017203;0.1134441337;0.1173739427;130.52;0;"2022-04-13T00:00:00.000Z"
0.1140119782;0.1186466301;0.1133785013;0.1164176191;308.59;0;"2022-04-17T00:00:00.000Z"
0.1073935341;0.1126588256;0.1041858588;0.1053118476;87.35;0;"2022-04-22T00:00:00.000Z"
0.1105488776;0.1189272481;0.1101922037;0.1189201762;821.46;0;"2022-04-27T00:00:00.000Z"
0.1132275732;0.1190072145;0.1131107571;0.1158144881;125.57;0;"2022-05-01T00:00:00.000Z"
0.1243672923;0.1287804291;0.1128259664;0.1229562834;555.86;0;"2022-05-06T00:00:00.000Z"
0.0986818434;0.1134712908;0.0970309602;0.1128841488;888.47;0;"2022-05-11T00:00:00.000Z"
0.1066053481;0.1068536565;0.0969236556;0.1067504339;71.44;0;"2022-05-15T00:00:00.000Z"
0.0985111379;0.101194422;0.0918516032;0.0931503609;88.87;0;"2022-05-20T00:00:00.000Z"
0.081106811;0.0945420371;0.081106811;0.0853024401;82.51;0;"2022-05-24T00:00:00.000Z"
0.0829968208;0.0830237563;0.0803032626;0.081270843;83.22;0;"2022-05-29T00:00:00.000Z"
0.1084993258;0.1090867334;0.087749729;0.0885190862;41.28;0;"2022-06-03T00:00:00.000Z"
0.0869082663;0.0878562163;0.0812046047;0.0869237856;26.26;0;"2022-06-07T00:00:00.000Z"
0.0757572831;0.1075483829;0.0753420454;0.0945452194;2167.41;0;"2022-06-12T00:00:00.000Z"
0.0748155877;0.0779629552;0.0745983231;0.0751303385;0;0;"2022-06-17T00:00:00.000Z"
0.0875709774;0.0966119895;0.082730665;0.0839216398;264.32;0;"2022-06-21T00:00:00.000Z"
0.085383477;0.0903810678;0.0826953653;0.0831274665;437;0;"2022-06-26T00:00:00.000Z"
0.0717501031;0.0784041508;0.069409038;0.0741968898;50.42;0;"2022-07-01T00:00:00.000Z"
0.0730752264;0.0903367144;0.0698429565;0.0768871678;920.9;0;"2022-07-05T00:00:00.000Z"
0.0870682806;0.0897717476;0.0852042125;0.0874188678;103.98;0;"2022-07-10T00:00:00.000Z"
0.0837171155;0.0844069683;0.078834679;0.0793998914;157.83;0;"2022-07-14T00:00:00.000Z"
0.0811089388;0.0871825673;0.0804465564;0.0844784206;1116.46;0;"2022-07-19T00:00:00.000Z"
0.0694184236;0.0786331927;0.0694017014;0.0703674314;146.5;0;"2022-07-24T00:00:00.000Z"
0.0759284321;0.0892087387;0.075293686;0.0801154577;202.24;0;"2022-07-28T00:00:00.000Z"
0.0727223146;0.0729991727;0.0687151753;0.0693939121;246.03;0;"2022-08-02T00:00:00.000Z"
0.0702683291;0.0707777975;0.0697076375;0.0702229493;29.55;0;"2022-08-07T00:00:00.000Z"
0.0723240053;0.0747161153;0.0723240053;0.0726139814;292.41;0;"2022-08-11T00:00:00.000Z"
0.0711721026;0.0714738261;0.0668185001;0.0683165935;57.01;0;"2022-08-16T00:00:00.000Z"
0.0571729914;0.0663073095;0.057145349;0.0585728097;17.24;0;"2022-08-21T00:00:00.000Z"
0.0573398285;0.0586141231;0.057322062;0.0581064348;16.33;0;"2022-08-25T00:00:00.000Z"
0.0546276279;0.0650116909;0.0542326579;0.0613979235;361.08;0;"2022-08-30T00:00:00.000Z"
0.0533509084;0.0535314523;0.0527915919;0.0531499951;33.96;0;"2022-09-03T00:00:00.000Z"
0.0524686383;0.0530093698;0.0514889725;0.0516106593;363.08;0;"2022-09-08T00:00:00.000Z"
0.0575495012;0.0583229833;0.0485516631;0.0493265059;494.24;0;"2022-09-13T00:00:00.000Z"
0.0522613494;0.0639116382;0.0518991694;0.0519405464;335.78;0;"2022-09-17T00:00:00.000Z"
0.0489930028;0.0555990492;0.0485861843;0.0502810987;10.35;0;"2022-09-22T00:00:00.000Z"
0.0494001306;0.0526847152;0.0493544327;0.0525832832;582.95;0;"2022-09-27T00:00:00.000Z"
0.0522696723;0.0523774066;0.0471161506;0.0484733578;13.08;0;"2022-10-01T00:00:00.000Z"
0.048789713;0.0561666976;0.0482466748;0.0495299886;2174.54;0;"2022-10-06T00:00:00.000Z"
0.0480326481;0.0481714711;0.0462433081;0.04633644;491.68;0;"2022-10-10T00:00:00.000Z"
0.0473880301;0.0475865001;0.0462356144;0.046431416;165.52;0;"2022-10-15T00:00:00.000Z"
0.0495676403;0.0522539882;0.0491381058;0.0494186789;7.56;0;"2022-10-20T00:00:00.000Z"
0.0491214484;0.0525266499;0.0471690409;0.0472031965;200.26;0;"2022-10-24T00:00:00.000Z"
0.0521776386;0.0525776304;0.0485043615;0.0487152342;17.74;0;"2022-10-29T00:00:00.000Z"
0.0483593767;0.0502021499;0.0482301929;0.048260481;54.4;0;"2022-11-03T00:00:00.000Z"
0.0500937531;0.0501556951;0.0432338258;0.0432659151;37.78;0;"2022-11-07T00:00:00.000Z"
0.0407181322;0.0407893544;0.0363951845;0.0364542309;83.82;0;"2022-11-12T00:00:00.000Z"
0.0358414175;0.0359618435;0.0341135784;0.0353775381;24.29;0;"2022-11-17T00:00:00.000Z"
0.0361665168;0.0361665168;0.033381961;0.0344162793;33.3;0;"2022-11-21T00:00:00.000Z"
0.033043154;0.0436222222;0.0323315495;0.0410996087;862.92;0;"2022-11-26T00:00:00.000Z"
0.0423821816;0.0508643547;0.0407204431;0.044330175;222.87;0;"2022-11-30T00:00:00.000Z"
0.0436756379;0.0455942175;0.0283134867;0.0283479589;50.6;0;"2022-12-05T00:00:00.000Z"
0.0274147542;0.027469258;0.0248248139;0.0248366494;5.43;0;"2022-12-10T00:00:00.000Z"
0.028451307;0.0292655328;0.0252425006;0.0252425006;29.97;0;"2022-12-14T00:00:00.000Z"
0.029495912;0.0295812468;0.0226704032;0.0226867579;135.52;0;"2022-12-19T00:00:00.000Z"
0.0206602812;0.0244481486;0.0203839787;0.0205542614;12.7;0;"2022-12-24T00:00:00.000Z"
0.0213969923;0.0228067259;0.0203216406;0.0203596632;27.48;0;"2022-12-28T00:00:00.000Z"
0.019119337;0.0199246268;0.0180235491;0.0180235491;29.8;0;"2023-01-02T00:00:00.000Z"
0.0271233872;0.0284715315;0.0268935654;0.0269585731;43.85;0;"2023-01-07T00:00:00.000Z"
0.0302627985;0.0309095822;0.0276908252;0.0282768612;139.21;0;"2023-01-11T00:00:00.000Z"
0.0197570487;0.034395692;0.0196636622;0.0338714124;329.05;0;"2023-01-16T00:00:00.000Z"
0.0266548645;0.0266812138;0.0155530002;0.015971113;285.8;0;"2023-01-20T00:00:00.000Z"
0.0262615499;0.0272963638;0.0253270985;0.02635436;36.04;0;"2023-01-25T00:00:00.000Z"
0.0266276068;0.026722357;0.025346041;0.0262661597;28.5;0;"2023-01-30T00:00:00.000Z"
0.028163295;0.0285445383;0.0277031473;0.0283736792;18.08;0;"2023-02-03T00:00:00.000Z"
0.027683464;0.0279477324;0.0265953849;0.0275272784;100.76;0;"2023-02-08T00:00:00.000Z"
0.0259265291;0.0266808093;0.0236060974;0.024206993;268.89;0;"2023-02-13T00:00:00.000Z"
0.028345539;0.0301121638;0.0261659653;0.0270221622;69.04;0;"2023-02-17T00:00:00.000Z"
0.025170541;0.0263773263;0.0228341965;0.0263658388;127.55;0;"2023-02-22T00:00:00.000Z"
0.0233258362;0.0252197792;0.0232058792;0.0235228719;14.66;0;"2023-02-27T00:00:00.000Z"
0.0232418674;0.0255745382;0.0223270317;0.0228099329;25.23;0;"2023-03-03T00:00:00.000Z"
0.0235494289;0.0241808478;0.0212906767;0.022586803;111.36;0;"2023-03-08T00:00:00.000Z"
0.0202154685;0.022105817;0.0201130205;0.0216968509;70.96;0;"2023-03-12T00:00:00.000Z"
0.0260466243;0.0305251266;0.0259461434;0.027399248;35.53;0;"2023-03-17T00:00:00.000Z"
0.0270417275;0.0287343618;0.0259788312;0.0262294229;111.53;0;"2023-03-22T00:00:00.000Z"
0.0264016944;0.0270367739;0.0263604694;0.0268816265;52.92;0;"2023-03-26T00:00:00.000Z"
0.0336514803;0.0361221872;0.0273988852;0.0301960903;284.41;0;"2023-03-31T00:00:00.000Z"
0.0270471229;0.0309771691;0.0270063878;0.0273379957;51.49;0;"2023-04-05T00:00:00.000Z"
0.0254344258;0.0271061138;0.0242653518;0.0249406122;34.25;0;"2023-04-09T00:00:00.000Z"
0.02584242;0.0274580257;0.0258111571;0.0262156693;21.24;0;"2023-04-14T00:00:00.000Z"
0.0261276032;0.0261346434;0.0241157483;0.0242260473;36.38;0;"2023-04-19T00:00:00.000Z"
0.0233717797;0.0235235634;0.0231178956;0.0234596132;37.65;0;"2023-04-23T00:00:00.000Z"
0.0250475003;0.0251099528;0.0243456599;0.024652063;126.03;0;"2023-04-28T00:00:00.000Z"
0.0238862725;0.0243561009;0.0237485277;0.0240839797;55.28;0;"2023-05-02T00:00:00.000Z"
0.0242844442;0.0249148023;0.0239605714;0.02396429;59.86;0;"2023-05-07T00:00:00.000Z"
0.0226870924;0.0227286593;0.0218199966;0.0225135038;38;0;"2023-05-12T00:00:00.000Z"
0.0228527169;0.0229206798;0.0226190588;0.0227125059;26.26;0;"2023-05-16T00:00:00.000Z"
0.0230482894;0.0231496011;0.0228186261;0.0230122967;30.97;0;"2023-05-21T00:00:00.000Z"
0.0222404807;0.0225665667;0.0221376986;0.0224468595;34.95;0;"2023-05-26T00:00:00.000Z"
0.0208138002;0.0209065753;0.0201654447;0.0205070497;21.07;0;"2023-05-30T00:00:00.000Z"
0.019227398;0.0194452949;0.0191635153;0.0192513706;4.26;0;"2023-06-04T00:00:00.000Z"